Barcode,Collection.date,Collection.week,Lineage,VoC,GISAID
bu0001,2021-01-25,2021-01-25,,,
bu0002,2021-01-25,2021-01-25,B.1.2,,hCoV-19/USA/MA-NEIDL-00003/2021
bu0003,2021-01-25,2021-01-25,,,
bu0004,2021-01-26,2021-01-25,B.1.2,,hCoV-19/USA/MA-NEIDL-00004/2021
bu0005,2021-01-26,2021-01-25,B.1.1.372,,hCoV-19/USA/MA-NEIDL-00005/2021
bu0006,2021-01-26,2021-01-25,B.1.243,,hCoV-19/USA/MA-NEIDL-00006/2021
bu0007,2021-01-26,2021-01-25,B.1.2,,hCoV-19/USA/MA-NEIDL-00007/2021
bu0008,2021-01-26,2021-01-25,,,
bu0009,2021-01-26,2021-01-25,B.1.243,,hCoV-19/USA/MA-NEIDL-00008/2021
bu0010,2021-01-26,2021-01-25,,,
bu0011,2021-01-26,2021-01-25,,,
bu0012,2021-01-26,2021-01-25,B.1.240,,hCoV-19/USA/MA-NEIDL-00009/2021
bu0013,2021-01-26,2021-01-25,B.1.243,,hCoV-19/USA/MA-NEIDL-00010/2021
bu0014,2021-01-26,2021-01-25,B.1.2,,hCoV-19/USA/MA-NEIDL-00011/2021
bu0015,2021-01-26,2021-01-25,,,
bu0016,2021-01-26,2021-01-25,B.1.240,,hCoV-19/USA/MA-NEIDL-00012/2021
bu0017,2021-01-26,2021-01-25,B.1.517,,hCoV-19/USA/MA-NEIDL-00013/2021
bu0018,2021-01-26,2021-01-25,,,
bu0019,2021-01-26,2021-01-25,,,
bu0020,2021-01-26,2021-01-25,,,
bu0021,2021-01-26,2021-01-25,,,
bu0022,2021-01-26,2021-01-25,,,hCoV-19/USA/MA-NEIDL-00014/2021
bu0023,2021-01-26,2021-01-25,B.1.1.7,Alpha,hCoV-19/USA/MA-NEIDL-00002/2021
bu0024,2021-01-26,2021-01-25,B.1.517,,hCoV-19/USA/MA-NEIDL-00015/2021
bu0025,2021-01-27,2021-01-25,,,
bu0026,2021-01-27,2021-01-25,B.1.517,,hCoV-19/USA/MA-NEIDL-00016/2021
bu0027,2021-01-27,2021-01-25,B.1.1.316,,hCoV-19/USA/MA-NEIDL-00017/2021
bu0028,2021-01-27,2021-01-25,B.1.2,,hCoV-19/USA/MA-NEIDL-00018/2021
bu0029,2021-01-27,2021-01-25,B.1.2,,hCoV-19/USA/MA-NEIDL-00019/2021
bu0030,2021-01-27,2021-01-25,B.1.517,,hCoV-19/USA/MA-NEIDL-00020/2021
bu0031,2021-01-27,2021-01-25,B.1.2,,hCoV-19/USA/MA-NEIDL-00021/2021
bu0032,2021-01-27,2021-01-25,R.1,,hCoV-19/USA/MA-NEIDL-00022/2021
bu0033,2021-01-27,2021-01-25,B.1.240,,hCoV-19/USA/MA-NEIDL-00023/2021
bu0034,2021-01-27,2021-01-25,B.1.240,,hCoV-19/USA/MA-NEIDL-00024/2021
bu0035,2021-01-27,2021-01-25,B.1.558,,hCoV-19/USA/MA-NEIDL-00025/2021
bu0036,2021-01-27,2021-01-25,,,
bu0037,2021-01-27,2021-01-25,B.1.575,,hCoV-19/USA/MA-NEIDL-00026/2021
bu0038,2021-01-27,2021-01-25,,,
bu0039,2021-01-27,2021-01-25,,,
bu0040,2021-01-27,2021-01-25,,,
bu0041,2021-01-27,2021-01-25,B.1.2,,hCoV-19/USA/MA-NEIDL-00027/2021
bu0042,2021-01-27,2021-01-25,,,
bu0043,2021-01-27,2021-01-25,,,
bu0044,2021-01-27,2021-01-25,,,
bu0045,2021-01-27,2021-01-25,B.1.575,,hCoV-19/USA/MA-NEIDL-00028/2021
bu0046,2021-01-28,2021-01-25,,,
bu0047,2021-01-28,2021-01-25,B.1.240,,hCoV-19/USA/MA-NEIDL-00029/2021
bu0048,2021-01-28,2021-01-25,B.1.2,,hCoV-19/USA/MA-NEIDL-00030/2021
bu0049,2021-01-28,2021-01-25,,,
bu0050,2021-01-28,2021-01-25,,,
bu0051,2021-01-28,2021-01-25,B.1.375,,hCoV-19/USA/MA-NEIDL-00031/2021
bu0052,2021-01-28,2021-01-25,,,
bu0053,2021-01-28,2021-01-25,B.1.234,,hCoV-19/USA/MA-NEIDL-00032/2021
bu0054,2021-01-28,2021-01-25,B.1.240,,hCoV-19/USA/MA-NEIDL-00033/2021
bu0055,2021-01-28,2021-01-25,B.1.2,,hCoV-19/USA/MA-NEIDL-00034/2021
bu0056,2021-01-28,2021-01-25,B.1.369,,hCoV-19/USA/MA-NEIDL-00035/2021
bu0057,2021-01-28,2021-01-25,B.1.2,,hCoV-19/USA/MA-NEIDL-00036/2021
bu0058,2021-01-28,2021-01-25,B.1.2,,hCoV-19/USA/MA-NEIDL-00037/2021
bu0059,2021-01-28,2021-01-25,B.1.240,,hCoV-19/USA/MA-NEIDL-00038/2021
bu0060,2021-01-28,2021-01-25,,,
bu0061,2021-01-28,2021-01-25,,,
bu0062,2021-01-28,2021-01-25,B.1.2,,hCoV-19/USA/MA-NEIDL-00039/2021
bu0063,2021-01-28,2021-01-25,B.1.240,,hCoV-19/USA/MA-NEIDL-00040/2021
bu0064,2021-01-28,2021-01-25,,,
bu0065,2021-01-28,2021-01-25,B.1.2,,hCoV-19/USA/MA-NEIDL-00041/2021
bu0066,2021-01-28,2021-01-25,B.1.240,,hCoV-19/USA/MA-NEIDL-00042/2021
bu0067,2021-01-28,2021-01-25,B.1.240,,hCoV-19/USA/MA-NEIDL-00043/2021
bu0068,2021-01-28,2021-01-25,B.1.2,,hCoV-19/USA/MA-NEIDL-00044/2021
bu0069,2021-01-29,2021-01-25,B.1.2,,hCoV-19/USA/MA-NEIDL-00045/2021
bu0070,2021-01-29,2021-01-25,,,
bu0071,2021-01-29,2021-01-25,B.1.351,Beta,hCoV-19/USA/MA-NEIDL-00001/2021
bu0072,2021-01-29,2021-01-25,B.1.240,,hCoV-19/USA/MA-NEIDL-00046/2021
bu0073,2021-01-29,2021-01-25,B.1.2,,hCoV-19/USA/MA-NEIDL-00047/2021
bu0074,2021-01-29,2021-01-25,B.1.517,,hCoV-19/USA/MA-NEIDL-00048/2021
bu0075,2021-01-29,2021-01-25,B.1.2,,hCoV-19/USA/MA-NEIDL-00049/2021
bu0076,2021-01-29,2021-01-25,B.1.240,,hCoV-19/USA/MA-NEIDL-00050/2021
bu0077,2021-01-22,2021-01-18,B.1.2,,hCoV-19/USA/MA-NEIDL-00051/2021
bu0078,2021-01-29,2021-01-25,,,
bu0079,2021-01-29,2021-01-25,B.1.240,,hCoV-19/USA/MA-NEIDL-00052/2021
bu0080,2021-01-29,2021-01-25,,,
bu0081,2021-01-29,2021-01-25,B.1.240,,hCoV-19/USA/MA-NEIDL-00053/2021
bu0082,2021-01-29,2021-01-25,,,
bu0083,2021-01-29,2021-01-25,B.1.240,,hCoV-19/USA/MA-NEIDL-00054/2021
bu0084,2021-01-29,2021-01-25,,,
bu0085,2021-01-29,2021-01-25,B.1.240,,hCoV-19/USA/MA-NEIDL-00055/2021
bu0086,2021-01-29,2021-01-25,,,
bu0087,2021-01-29,2021-01-25,B.1.623,,hCoV-19/USA/MA-NEIDL-00056/2021
bu0088,2021-01-29,2021-01-25,,,
bu0089,2021-01-30,2021-01-25,B.1.1.316,,hCoV-19/USA/MA-NEIDL-00057/2021
bu0090,2021-01-29,2021-01-25,,,
bu0091,2021-01-30,2021-01-25,,,
bu0092,2021-01-30,2021-01-25,B.1.2,,hCoV-19/USA/MA-NEIDL-00058/2021
bu0093,2021-01-30,2021-01-25,,,
bu0094,2021-01-30,2021-01-25,B.1.2,,hCoV-19/USA/MA-NEIDL-00059/2021
bu0095,2021-01-30,2021-01-25,B.1.2,,hCoV-19/USA/MA-NEIDL-00060/2021
bu0096,2021-01-30,2021-01-25,,,
bu0097,2021-01-30,2021-01-25,B.1.2,,hCoV-19/USA/MA-NEIDL-00061/2021
bu0098,2021-02-04,2021-02-01,B.1.240,,hCoV-19/USA/MA-NEIDL-00062/2021
bu0099,2021-01-30,2021-01-25,B.1.2,,hCoV-19/USA/MA-NEIDL-00063/2021
bu0100,2021-01-30,2021-01-25,B.1.2,,hCoV-19/USA/MA-NEIDL-00064/2021
bu0101,2021-01-31,2021-01-25,B.1.2,,hCoV-19/USA/MA-NEIDL-00065/2021
bu0102,2021-01-31,2021-01-25,B.1.2,,hCoV-19/USA/MA-NEIDL-00066/2021
bu0103,2021-01-31,2021-01-25,B.1.2,,hCoV-19/USA/MA-NEIDL-00067/2021
bu0104,2021-01-31,2021-01-25,B.1.2,,hCoV-19/USA/MA-NEIDL-00068/2021
bu0105,2021-02-01,2021-02-01,B.1.243,,hCoV-19/USA/MA-NEIDL-00069/2021
bu0106,2021-01-31,2021-01-25,B.1.2,,hCoV-19/USA/MA-NEIDL-00070/2021
bu0107,2021-01-31,2021-01-25,B.1.2,,hCoV-19/USA/MA-NEIDL-00071/2021
bu0108,2021-02-01,2021-02-01,B.1.280,,hCoV-19/USA/MA-NEIDL-00072/2021
bu0109,2021-02-01,2021-02-01,B.1.2,,hCoV-19/USA/MA-NEIDL-00073/2021
bu0110,2021-02-01,2021-02-01,B.1.2,,hCoV-19/USA/MA-NEIDL-00074/2021
bu0111,2021-02-01,2021-02-01,B.1.2,,hCoV-19/USA/MA-NEIDL-00075/2021
bu0112,2021-02-01,2021-02-01,B.1.2,,hCoV-19/USA/MA-NEIDL-00076/2021
bu0113,2021-02-01,2021-02-01,B.1.240,,hCoV-19/USA/MA-NEIDL-00077/2021
bu0114,2021-02-01,2021-02-01,B.1.2,,hCoV-19/USA/MA-NEIDL-00078/2021
bu0115,2021-02-01,2021-02-01,B.1.2,,hCoV-19/USA/MA-NEIDL-00079/2021
bu0116,2021-02-02,2021-02-01,B.1.2,,hCoV-19/USA/MA-NEIDL-00080/2021
bu0117,2021-02-02,2021-02-01,B.1.1.7,Alpha,hCoV-19/USA/MA-NEIDL-00081/2021
bu0118,2021-02-02,2021-02-01,B.1.2,,hCoV-19/USA/MA-NEIDL-00082/2021
bu0119,2021-02-02,2021-02-01,B.1.240,,hCoV-19/USA/MA-NEIDL-00083/2021
bu0120,2021-02-02,2021-02-01,B.1.177,,hCoV-19/USA/MA-NEIDL-00084/2021
bu0121,2021-02-02,2021-02-01,B.1.110.3,,hCoV-19/USA/MA-NEIDL-00085/2021
bu0122,2021-02-02,2021-02-01,B.1.110.3,,hCoV-19/USA/MA-NEIDL-00086/2021
bu0123,2021-02-02,2021-02-01,B.1.240,,hCoV-19/USA/MA-NEIDL-00087/2021
bu0124,2021-02-02,2021-02-01,B.1.2,,hCoV-19/USA/MA-NEIDL-00088/2021
bu0125,2021-02-02,2021-02-01,,,
bu0126,2021-02-02,2021-02-01,,,
bu0127,2021-02-02,2021-02-01,B.1.1.434,,hCoV-19/USA/MA-NEIDL-00089/2021
bu0128,2021-02-02,2021-02-01,B.1.110.3,,hCoV-19/USA/MA-NEIDL-00090/2021
bu0129,2021-02-02,2021-02-01,B.1.110.3,,hCoV-19/USA/MA-NEIDL-00091/2021
bu0130,2021-02-02,2021-02-01,B.1.240,,hCoV-19/USA/MA-NEIDL-00092/2021
bu0131,2021-02-02,2021-02-01,B.1.2,,hCoV-19/USA/MA-NEIDL-00093/2021
bu0132,2021-02-02,2021-02-01,B.1.240,,hCoV-19/USA/MA-NEIDL-00094/2021
bu0133,2021-02-02,2021-02-01,,,
bu0134,2021-02-02,2021-02-01,,,
bu0135,2021-02-02,2021-02-01,B.1.517,,hCoV-19/USA/MA-NEIDL-00095/2021
bu0136,2021-02-03,2021-02-01,B.1.375,,hCoV-19/USA/MA-NEIDL-00096/2021
bu0137,2021-02-02,2021-02-01,R.1,,hCoV-19/USA/MA-NEIDL-00097/2021
bu0138,2021-02-03,2021-02-01,B.1.240,,hCoV-19/USA/MA-NEIDL-00098/2021
bu0139,2021-02-03,2021-02-01,B.1.2,,hCoV-19/USA/MA-NEIDL-00099/2021
bu0140,2021-02-03,2021-02-01,B.1.2,,hCoV-19/USA/MA-NEIDL-00100/2021
bu0141,2021-02-03,2021-02-01,,,
bu0142,2021-02-03,2021-02-01,B.1.2,,hCoV-19/USA/MA-NEIDL-00101/2021
bu0143,2021-02-03,2021-02-01,B.1.240,,hCoV-19/USA/MA-NEIDL-00102/2021
bu0144,2021-02-03,2021-02-01,B.1.240,,hCoV-19/USA/MA-NEIDL-00103/2021
bu0145,2021-02-03,2021-02-01,B.1.240,,hCoV-19/USA/MA-NEIDL-00104/2021
bu0146,2021-02-03,2021-02-01,B.1.517,,hCoV-19/USA/MA-NEIDL-00105/2021
bu0147,2021-02-03,2021-02-01,B.1.1.7,Alpha,hCoV-19/USA/MA-NEIDL-00106/2021
bu0148,2021-02-03,2021-02-01,B.1.1.7,Alpha,hCoV-19/USA/MA-NEIDL-00107/2021
bu0149,2021-02-03,2021-02-01,B.1.1.7,Alpha,hCoV-19/USA/MA-NEIDL-00108/2021
bu0150,2021-02-03,2021-02-01,,,
bu0151,2021-02-03,2021-02-01,B.1.240,,hCoV-19/USA/MA-NEIDL-00109/2021
bu0152,2021-02-03,2021-02-01,B.1.240,,hCoV-19/USA/MA-NEIDL-00110/2021
bu0153,2021-02-03,2021-02-01,B.1.517,,hCoV-19/USA/MA-NEIDL-00111/2021
bu0154,2021-02-03,2021-02-01,B.1.240,,hCoV-19/USA/MA-NEIDL-00112/2021
bu0155,2021-02-03,2021-02-01,,,
bu0156,2021-02-03,2021-02-01,B.1.240,,hCoV-19/USA/MA-NEIDL-00113/2021
bu0157,2021-02-03,2021-02-01,B.1.1.7,Alpha,hCoV-19/USA/MA-NEIDL-00114/2021
bu0158,2021-02-04,2021-02-01,,,
bu0159,2021-02-04,2021-02-01,B.1.240,,hCoV-19/USA/MA-NEIDL-00115/2021
bu0160,2021-02-04,2021-02-01,B.1.2,,hCoV-19/USA/MA-NEIDL-00116/2021
bu0161,2021-02-04,2021-02-01,B.1.240,,hCoV-19/USA/MA-NEIDL-00117/2021
bu0162,2021-02-04,2021-02-01,B.1.240,,hCoV-19/USA/MA-NEIDL-00118/2021
bu0163,2021-02-04,2021-02-01,B.1.240,,hCoV-19/USA/MA-NEIDL-00119/2021
bu0164,2021-02-05,2021-02-01,B.1.1.7,Alpha,hCoV-19/USA/MA-NEIDL-00120/2021
bu0165,2021-02-06,2021-02-01,B.1.1.7,Alpha,hCoV-19/USA/MA-NEIDL-00121/2021
bu0166,2021-02-07,2021-02-01,,,
bu0167,2021-02-05,2021-02-01,B.1.240,,hCoV-19/USA/MA-NEIDL-00122/2021
bu0168,2021-02-05,2021-02-01,B.1.2,,hCoV-19/USA/MA-NEIDL-00123/2021
bu0169,2021-02-04,2021-02-01,B.1.525,,hCoV-19/USA/MA-NEIDL-00124/2021
bu0170,2021-02-04,2021-02-01,B.1.240,,hCoV-19/USA/MA-NEIDL-00125/2021
bu0171,2021-02-04,2021-02-01,B.1.2,,hCoV-19/USA/MA-NEIDL-00126/2021
bu0172,2021-02-04,2021-02-01,B.1.110.3,,hCoV-19/USA/MA-NEIDL-00127/2021
bu0173,2021-02-05,2021-02-01,B.1.1.7,Alpha,hCoV-19/USA/MA-NEIDL-00128/2021
bu0174,2021-02-05,2021-02-01,B.1.2,,hCoV-19/USA/MA-NEIDL-00129/2021
bu0175,2021-02-05,2021-02-01,B.1.2,,hCoV-19/USA/MA-NEIDL-00130/2021
bu0176,2021-02-05,2021-02-01,B.1.240,,hCoV-19/USA/MA-NEIDL-00131/2021
bu0177,2021-02-05,2021-02-01,B.1.240,,hCoV-19/USA/MA-NEIDL-00132/2021
bu0178,2021-02-05,2021-02-01,,,hCoV-19/USA/MA-NEIDL-00133/2021
bu0179,2021-02-06,2021-02-01,,,
bu0180,2021-02-06,2021-02-01,B.1.110.3,,hCoV-19/USA/MA-NEIDL-00134/2021
bu0181,2021-02-06,2021-02-01,B.1.1.316,,hCoV-19/USA/MA-NEIDL-00135/2021
bu0182,2021-02-06,2021-02-01,,,
bu0183,2021-02-05,2021-02-01,B.1.240,,hCoV-19/USA/MA-NEIDL-00136/2021
bu0184,2021-02-06,2021-02-01,B.1.240,,hCoV-19/USA/MA-NEIDL-00137/2021
bu0185,2021-02-06,2021-02-01,B.1.240,,hCoV-19/USA/MA-NEIDL-00138/2021
bu0186,2021-02-07,2021-02-01,B.1.1.316,,hCoV-19/USA/MA-NEIDL-00139/2021
bu0187,2021-02-07,2021-02-01,,,
bu0188,2021-02-07,2021-02-01,B.1.1.316,,hCoV-19/USA/MA-NEIDL-00140/2021
bu0189,2021-02-07,2021-02-01,B.1.2,,hCoV-19/USA/MA-NEIDL-00141/2021
bu0190,2021-02-07,2021-02-01,B.1.2,,hCoV-19/USA/MA-NEIDL-00142/2021
bu0191,2021-02-08,2021-02-08,B.1.2,,hCoV-19/USA/MA-NEIDL-00143/2021
bu0192,2021-02-08,2021-02-08,B.1.517,,hCoV-19/USA/MA-NEIDL-00144/2021
bu0193,2021-02-08,2021-02-08,B.1,,hCoV-19/USA/MA-NEIDL-00145/2021
bu0194,2021-02-07,2021-02-01,B.1.240,,hCoV-19/USA/MA-NEIDL-00146/2021
bu0195,2021-02-09,2021-02-08,B.1.1.7,Alpha,hCoV-19/USA/MA-NEIDL-00147/2021
bu0196,2021-02-08,2021-02-08,B.1.240,,hCoV-19/USA/MA-NEIDL-00148/2021
bu0197,2021-02-08,2021-02-08,B.1.2,,hCoV-19/USA/MA-NEIDL-00149/2021
bu0198,2021-02-08,2021-02-08,B.1.240,,hCoV-19/USA/MA-NEIDL-00150/2021
bu0199,2021-02-08,2021-02-08,B.1.240,,hCoV-19/USA/MA-NEIDL-00151/2021
bu0200,2021-02-07,2021-02-01,B.1.240,,hCoV-19/USA/MA-NEIDL-00152/2021
bu0201,2021-02-08,2021-02-08,B.1.2,,hCoV-19/USA/MA-NEIDL-00153/2021
bu0202,2021-02-08,2021-02-08,B.1.2,,hCoV-19/USA/MA-NEIDL-00154/2021
bu0203,2021-02-08,2021-02-08,B.1.240,,hCoV-19/USA/MA-NEIDL-00155/2021
bu0204,2021-02-08,2021-02-08,B.1.2,,hCoV-19/USA/MA-NEIDL-00156/2021
bu0205,2021-02-08,2021-02-08,B.1.2,,hCoV-19/USA/MA-NEIDL-00157/2021
bu0206,2021-02-08,2021-02-08,B.1,,hCoV-19/USA/MA-NEIDL-00158/2021
bu0207,2021-02-08,2021-02-08,B.1.517,,hCoV-19/USA/MA-NEIDL-00159/2021
bu0208,2021-02-08,2021-02-08,B.1.517,,hCoV-19/USA/MA-NEIDL-00160/2021
bu0209,2021-02-08,2021-02-08,B.1.2,,hCoV-19/USA/MA-NEIDL-00161/2021
bu0210,2021-02-08,2021-02-08,B.1.1,,hCoV-19/USA/MA-NEIDL-00162/2021
bu0211,2021-02-08,2021-02-08,B.1.1.316,,hCoV-19/USA/MA-NEIDL-00163/2021
bu0212,2021-02-08,2021-02-08,B.1.240,,hCoV-19/USA/MA-NEIDL-00164/2021
bu0213,2021-02-08,2021-02-08,B.1.1.7,Alpha,hCoV-19/USA/MA-NEIDL-00165/2021
bu0214,2021-02-09,2021-02-08,B.1,,hCoV-19/USA/MA-NEIDL-00166/2021
bu0215,2021-02-11,2021-02-08,B.1.1.7,Alpha,hCoV-19/USA/MA-NEIDL-00167/2021
bu0216,2021-02-09,2021-02-08,B.1.429,,hCoV-19/USA/MA-NEIDL-00168/2021
bu0217,2021-02-09,2021-02-08,B.1.1.7,Alpha,hCoV-19/USA/MA-NEIDL-00169/2021
bu0218,2021-02-09,2021-02-08,B.1.1.7,Alpha,hCoV-19/USA/MA-NEIDL-00170/2021
bu0219,2021-02-09,2021-02-08,B.1.1,,hCoV-19/USA/MA-NEIDL-00171/2021
bu0220,2021-02-09,2021-02-08,B.1.311,,hCoV-19/USA/MA-NEIDL-00172/2021
bu0221,2021-02-10,2021-02-08,B.1.1.7,Alpha,hCoV-19/USA/MA-NEIDL-00173/2021
bu0222,2021-02-10,2021-02-08,B.1.526,,hCoV-19/USA/MA-NEIDL-00174/2021
bu0223,2021-02-10,2021-02-08,,,
bu0224,2021-02-10,2021-02-08,B.1.517,,hCoV-19/USA/MA-NEIDL-00175/2021
bu0225,2021-02-10,2021-02-08,B.1.2,,hCoV-19/USA/MA-NEIDL-00176/2021
bu0226,2021-02-10,2021-02-08,B.1.2,,hCoV-19/USA/MA-NEIDL-00177/2021
bu0227,2021-02-11,2021-02-08,B.1.2,,hCoV-19/USA/MA-NEIDL-00178/2021
bu0228,2021-02-11,2021-02-08,B.1.1.7,Alpha,hCoV-19/USA/MA-NEIDL-00179/2021
bu0229,2021-02-11,2021-02-08,B.1.2,,hCoV-19/USA/MA-NEIDL-00180/2021
bu0230,2021-02-11,2021-02-08,B.1.240,,hCoV-19/USA/MA-NEIDL-00181/2021
bu0231,2021-02-11,2021-02-08,,,
bu0232,2021-02-12,2021-02-08,B.1.575,,hCoV-19/USA/MA-NEIDL-00182/2021
bu0233,2021-02-12,2021-02-08,B.1.429,,hCoV-19/USA/MA-NEIDL-00183/2021
bu0234,2021-02-12,2021-02-08,B.1.1.7,Alpha,hCoV-19/USA/MA-NEIDL-00184/2021
bu0235,2021-02-13,2021-02-08,P.2,,hCoV-19/USA/MA-NEIDL-00185/2021
bu0236,2021-02-13,2021-02-08,B.1.1.7,Alpha,hCoV-19/USA/MA-NEIDL-00186/2021
bu0237,2021-02-13,2021-02-08,B.1.2,,hCoV-19/USA/MA-NEIDL-00187/2021
bu0238,2021-02-14,2021-02-08,B.1.2,,hCoV-19/USA/MA-NEIDL-00188/2021
bu0239,2021-02-14,2021-02-08,B.1.1.7,Alpha,hCoV-19/USA/MA-NEIDL-00189/2021
bu0240,2021-02-14,2021-02-08,B.1.1.7,Alpha,hCoV-19/USA/MA-NEIDL-00190/2021
bu0241,2021-02-14,2021-02-08,B.1.1.7,Alpha,hCoV-19/USA/MA-NEIDL-00191/2021
bu0242,2021-02-14,2021-02-08,B.1.1.7,Alpha,hCoV-19/USA/MA-NEIDL-00192/2021
bu0243,2021-02-14,2021-02-08,B.1.1.7,Alpha,hCoV-19/USA/MA-NEIDL-00193/2021
bu0244,2021-02-14,2021-02-08,P.2,,hCoV-19/USA/MA-NEIDL-00194/2021
bu0245,2021-02-14,2021-02-08,,,
bu0246,2021-02-15,2021-02-15,,,
bu0247,2021-02-15,2021-02-15,B.1.1.7,Alpha,hCoV-19/USA/MA-NEIDL-00195/2021
bu0248,2021-02-15,2021-02-15,B.1.1.7,Alpha,hCoV-19/USA/MA-NEIDL-00196/2021
bu0249,2021-02-15,2021-02-15,B.1.596,,hCoV-19/USA/MA-NEIDL-00197/2021
bu0250,2021-02-15,2021-02-15,B.1.429,,hCoV-19/USA/MA-NEIDL-00198/2021
bu0251,2021-02-15,2021-02-15,,,
bu0252,2021-02-16,2021-02-15,B.1.517,,hCoV-19/USA/MA-NEIDL-00199/2021
bu0253,2021-02-16,2021-02-15,,,
bu0254,2021-02-16,2021-02-15,B.1.596,,hCoV-19/USA/MA-NEIDL-00200/2021
bu0255,2021-02-16,2021-02-15,B.1.1.7,Alpha,hCoV-19/USA/MA-NEIDL-00201/2021
bu0256,2021-02-16,2021-02-15,B.1.1.7,Alpha,hCoV-19/USA/MA-NEIDL-00202/2021
bu0257,2021-02-16,2021-02-15,B.1.1.7,Alpha,hCoV-19/USA/MA-NEIDL-00203/2021
bu0258,2021-02-16,2021-02-15,B.1.1.7,Alpha,hCoV-19/USA/MA-NEIDL-00204/2021
bu0259,2021-02-16,2021-02-15,B.1.1.7,Alpha,hCoV-19/USA/MA-NEIDL-00205/2021
bu0260,2021-02-16,2021-02-15,,,
bu0261,2021-02-16,2021-02-15,,,hCoV-19/USA/MA-NEIDL-00206/2021
bu0262,2021-02-16,2021-02-15,B.1,,hCoV-19/USA/MA-NEIDL-00207/2021
bu0263,2021-02-16,2021-02-15,,,
bu0264,2021-02-16,2021-02-15,B.1.2,,hCoV-19/USA/MA-NEIDL-00208/2021
bu0265,2021-02-17,2021-02-15,B.1.429,,hCoV-19/USA/MA-NEIDL-00209/2021
bu0266,2021-02-17,2021-02-15,B.1.1.7,Alpha,hCoV-19/USA/MA-NEIDL-00210/2021
bu0267,2021-02-17,2021-02-15,B.1.1.7,Alpha,hCoV-19/USA/MA-NEIDL-00211/2021
bu0268,2021-02-17,2021-02-15,B.1.1.7,Alpha,hCoV-19/USA/MA-NEIDL-00212/2021
bu0269,2021-02-17,2021-02-15,B.1.517,,hCoV-19/USA/MA-NEIDL-00213/2021
bu0270,2021-02-17,2021-02-15,B.1.517,,hCoV-19/USA/MA-NEIDL-00214/2021
bu0271,2021-02-17,2021-02-15,B.1.1.192,,hCoV-19/USA/MA-NEIDL-00215/2021
bu0272,2021-02-17,2021-02-15,B.1.517,,hCoV-19/USA/MA-NEIDL-00216/2021
bu0273,2021-02-17,2021-02-15,B.1.1.7,Alpha,hCoV-19/USA/MA-NEIDL-00217/2021
bu0274,2021-02-17,2021-02-15,,,
bu0275,2021-02-17,2021-02-15,B.1.1.7,Alpha,hCoV-19/USA/MA-NEIDL-00218/2021
bu0276,2021-02-17,2021-02-15,B.1.1.7,Alpha,hCoV-19/USA/MA-NEIDL-00219/2021
bu0277,2021-02-17,2021-02-15,,,hCoV-19/USA/MA-NEIDL-00220/2021
bu0278,2021-02-18,2021-02-15,B.1.575,,hCoV-19/USA/MA-NEIDL-00221/2021
bu0279,2021-02-18,2021-02-15,,,
bu0280,2021-02-18,2021-02-15,,,hCoV-19/USA/MA-NEIDL-00222/2021
bu0281,2021-02-18,2021-02-15,B.1.1.7,Alpha,hCoV-19/USA/MA-NEIDL-00223/2021
bu0282,2021-02-18,2021-02-15,B.1.517,,hCoV-19/USA/MA-NEIDL-00224/2021
bu0283,2021-02-18,2021-02-15,B.1.517,,hCoV-19/USA/MA-NEIDL-00225/2021
bu0284,2021-02-18,2021-02-15,B.1.517,,hCoV-19/USA/MA-NEIDL-00226/2021
bu0285,2021-02-18,2021-02-15,,,
bu0286,2021-02-18,2021-02-15,B.1.575,,hCoV-19/USA/MA-NEIDL-00227/2021
bu0287,2021-02-18,2021-02-15,B.1.2,,hCoV-19/USA/MA-NEIDL-00228/2021
bu0288,2021-02-19,2021-02-15,,,
bu0289,2021-02-19,2021-02-15,B.1.240,,hCoV-19/USA/MA-NEIDL-00229/2021
bu0290,2021-02-19,2021-02-15,R.1,,hCoV-19/USA/MA-NEIDL-00230/2021
bu0291,2021-02-19,2021-02-15,B.1.1.7,Alpha,hCoV-19/USA/MA-NEIDL-00231/2021
bu0292,2021-02-19,2021-02-15,B.1.1.7,Alpha,hCoV-19/USA/MA-NEIDL-00232/2021
bu0293,2021-02-19,2021-02-15,B.1.1.7,Alpha,hCoV-19/USA/MA-NEIDL-00233/2021
bu0294,2021-02-19,2021-02-15,B.1.1.7,Alpha,hCoV-19/USA/MA-NEIDL-00234/2021
bu0295,2021-02-19,2021-02-15,B.1,,hCoV-19/USA/MA-NEIDL-00235/2021
bu0296,2021-02-19,2021-02-15,,,
bu0297,2021-02-19,2021-02-15,B.1.2,,hCoV-19/USA/MA-NEIDL-00236/2021
bu0298,2021-02-19,2021-02-15,,,
bu0299,2021-02-19,2021-02-15,B.1.429,,hCoV-19/USA/MA-NEIDL-00237/2021
bu0300,2021-02-20,2021-02-15,,,
bu0301,2021-02-20,2021-02-15,B.1.1.7,Alpha,hCoV-19/USA/MA-NEIDL-00238/2021
bu0302,2021-02-20,2021-02-15,B.1.1.7,Alpha,hCoV-19/USA/MA-NEIDL-00239/2021
bu0303,2021-02-20,2021-02-15,,,
bu0304,2021-02-20,2021-02-15,,,
bu0305,2021-02-20,2021-02-15,B.1.526,,hCoV-19/USA/MA-NEIDL-00240/2021
bu0306,2021-02-20,2021-02-15,B.1.1.222,,hCoV-19/USA/MA-NEIDL-00241/2021
bu0307,2021-02-20,2021-02-15,,,
bu0308,2021-02-20,2021-02-15,B.1.517,,hCoV-19/USA/MA-NEIDL-00242/2021
bu0309,2021-02-20,2021-02-15,,,
bu0310,2021-02-21,2021-02-15,,,
bu0311,2021-02-21,2021-02-15,B.1.1.7,Alpha,hCoV-19/USA/MA-NEIDL-00243/2021
bu0312,2021-02-22,2021-02-22,B.1.517,,hCoV-19/USA/MA-NEIDL-00244/2021
bu0313,2021-02-22,2021-02-22,B.1.517,,hCoV-19/USA/MA-NEIDL-00245/2021
bu0314,2021-02-22,2021-02-22,B.1,,hCoV-19/USA/MA-NEIDL-00246/2021
bu0315,2021-02-22,2021-02-22,B.1,,hCoV-19/USA/MA-NEIDL-00247/2021
bu0316,2021-02-22,2021-02-22,B.1.1.7,Alpha,hCoV-19/USA/MA-NEIDL-00248/2021
bu0317,2021-02-22,2021-02-22,B.1.1.7,Alpha,hCoV-19/USA/MA-NEIDL-00249/2021
bu0318,2021-02-21,2021-02-15,B.1.1.7,Alpha,hCoV-19/USA/MA-NEIDL-00250/2021
bu0319,2021-02-21,2021-02-15,B.1.1.7,Alpha,hCoV-19/USA/MA-NEIDL-00251/2021
bu0320,2021-02-21,2021-02-15,B.1.517,,hCoV-19/USA/MA-NEIDL-00252/2021
bu0321,2021-02-21,2021-02-15,B.1.517,,hCoV-19/USA/MA-NEIDL-00253/2021
bu0322,2021-02-21,2021-02-15,B.1.2,,hCoV-19/USA/MA-NEIDL-00254/2021
bu0323,2021-02-22,2021-02-22,B.1,,hCoV-19/USA/MA-NEIDL-00255/2021
bu0324,2021-02-22,2021-02-22,B.1.1.519,,hCoV-19/USA/MA-NEIDL-00256/2021
bu0325,2021-02-22,2021-02-22,B.1.2,,hCoV-19/USA/MA-NEIDL-00257/2021
bu0326,2021-02-22,2021-02-22,B.1.1.7,Alpha,hCoV-19/USA/MA-NEIDL-00258/2021
bu0327,2021-02-22,2021-02-22,B.1.1.7,Alpha,hCoV-19/USA/MA-NEIDL-00259/2021
bu0328,2021-02-22,2021-02-22,B.1.1.7,Alpha,hCoV-19/USA/MA-NEIDL-00260/2021
bu0329,2021-02-22,2021-02-22,B.1.1.7,Alpha,hCoV-19/USA/MA-NEIDL-00261/2021
bu0330,2021-02-22,2021-02-22,B.1.2,,hCoV-19/USA/MA-NEIDL-00262/2021
bu0331,2021-02-22,2021-02-22,,,
bu0332,2021-02-22,2021-02-22,B.1.1.7,Alpha,hCoV-19/USA/MA-NEIDL-00263/2021
bu0333,2021-02-23,2021-02-22,B.1.1.7,Alpha,hCoV-19/USA/MA-NEIDL-00264/2021
bu0334,2021-02-23,2021-02-22,B.1.1.7,Alpha,hCoV-19/USA/MA-NEIDL-00265/2021
bu0335,2021-02-23,2021-02-22,B.1.1.7,Alpha,hCoV-19/USA/MA-NEIDL-00266/2021
bu0336,2021-02-23,2021-02-22,B.1.1.7,Alpha,hCoV-19/USA/MA-NEIDL-00267/2021
bu0337,2021-02-23,2021-02-22,B.1.1.7,Alpha,hCoV-19/USA/MA-NEIDL-00268/2021
bu0338,2021-02-23,2021-02-22,B.1.1.7,Alpha,hCoV-19/USA/MA-NEIDL-00269/2021
bu0339,2021-02-23,2021-02-22,B.1.1.7,Alpha,hCoV-19/USA/MA-NEIDL-00270/2021
bu0340,2021-02-23,2021-02-22,R.1,,hCoV-19/USA/MA-NEIDL-00271/2021
bu0341,2021-02-23,2021-02-22,B.1.1.7,Alpha,hCoV-19/USA/MA-NEIDL-00272/2021
bu0342,2021-02-23,2021-02-22,B.1.1.7,Alpha,hCoV-19/USA/MA-NEIDL-00273/2021
bu0343,2021-02-23,2021-02-22,B.1.1.7,Alpha,hCoV-19/USA/MA-NEIDL-00274/2021
bu0344,2021-02-23,2021-02-22,B.1.1.7,Alpha,hCoV-19/USA/MA-NEIDL-00275/2021
bu0345,2021-02-23,2021-02-22,B.1.1.7,Alpha,hCoV-19/USA/MA-NEIDL-00276/2021
bu0346,2021-02-23,2021-02-22,B.1.1.7,Alpha,hCoV-19/USA/MA-NEIDL-00277/2021
bu0347,2021-02-23,2021-02-22,B.1.1.7,Alpha,hCoV-19/USA/MA-NEIDL-00278/2021
bu0348,2021-02-23,2021-02-22,B.1.1.7,Alpha,hCoV-19/USA/MA-NEIDL-00279/2021
bu0349,2021-02-23,2021-02-22,B.1.1.7,Alpha,hCoV-19/USA/MA-NEIDL-00280/2021
bu0350,2021-02-23,2021-02-22,B.1.2,,hCoV-19/USA/MA-NEIDL-00281/2021
bu0351,2021-02-24,2021-02-22,B.1.1.7,Alpha,hCoV-19/USA/MA-NEIDL-00282/2021
bu0352,2021-02-23,2021-02-22,B.1.1.7,Alpha,hCoV-19/USA/MA-NEIDL-00283/2021
bu0353,2021-02-24,2021-02-22,B.1.1.7,Alpha,hCoV-19/USA/MA-NEIDL-00284/2021
bu0354,2021-02-24,2021-02-22,B.1.1.7,Alpha,hCoV-19/USA/MA-NEIDL-00285/2021
bu0355,2021-02-24,2021-02-22,B.1.1.7,Alpha,hCoV-19/USA/MA-NEIDL-00286/2021
bu0356,2021-02-24,2021-02-22,B.1.1.7,Alpha,hCoV-19/USA/MA-NEIDL-00287/2021
bu0357,2021-02-24,2021-02-22,B.1.1.7,Alpha,hCoV-19/USA/MA-NEIDL-00288/2021
bu0358,2021-02-24,2021-02-22,B.1.1.7,Alpha,hCoV-19/USA/MA-NEIDL-00289/2021
bu0359,2021-02-24,2021-02-22,B.1.2,,hCoV-19/USA/MA-NEIDL-00290/2021
bu0360,2021-02-24,2021-02-22,B.1.429,,hCoV-19/USA/MA-NEIDL-00291/2021
bu0361,2021-02-24,2021-02-22,B.1.429,,hCoV-19/USA/MA-NEIDL-00292/2021
bu0362,2021-02-24,2021-02-22,B.1.429,,hCoV-19/USA/MA-NEIDL-00293/2021
bu0363,2021-02-24,2021-02-22,B.1.1,,hCoV-19/USA/MA-NEIDL-00294/2021
bu0364,2021-02-24,2021-02-22,B.1.1.7,Alpha,hCoV-19/USA/MA-NEIDL-00295/2021
bu0365,2021-02-24,2021-02-22,B.1.1.7,Alpha,hCoV-19/USA/MA-NEIDL-00296/2021
bu0366,2021-02-24,2021-02-22,B.1.2,,hCoV-19/USA/MA-NEIDL-00297/2021
bu0367,2021-02-24,2021-02-22,B.1.596,,hCoV-19/USA/MA-NEIDL-00298/2021
bu0368,2021-02-24,2021-02-22,B.1.429,,hCoV-19/USA/MA-NEIDL-00299/2021
bu0369,2021-02-24,2021-02-22,B.1.429,,hCoV-19/USA/MA-NEIDL-00300/2021
bu0370,2021-02-24,2021-02-22,B.1.429,,hCoV-19/USA/MA-NEIDL-00301/2021
bu0371,2021-02-24,2021-02-22,B.1.429,,hCoV-19/USA/MA-NEIDL-00302/2021
bu0372,2021-02-24,2021-02-22,R.1,,hCoV-19/USA/MA-NEIDL-00303/2021
bu0373,2021-02-24,2021-02-22,B.1.2,,hCoV-19/USA/MA-NEIDL-00304/2021
bu0374,2021-02-24,2021-02-22,B.1.2,,hCoV-19/USA/MA-NEIDL-00305/2021
bu0375,2021-02-25,2021-02-22,B.1.1.7,Alpha,hCoV-19/USA/MA-NEIDL-00306/2021
bu0376,2021-02-25,2021-02-22,B.1.429,,hCoV-19/USA/MA-NEIDL-00307/2021
bu0377,2021-02-24,2021-02-22,B.1.429,,hCoV-19/USA/MA-NEIDL-00308/2021
bu0378,2021-02-24,2021-02-22,B.1.1.7,Alpha,hCoV-19/USA/MA-NEIDL-00309/2021
bu0379,2021-02-24,2021-02-22,B.1.2,,hCoV-19/USA/MA-NEIDL-00310/2021
bu0380,2021-02-24,2021-02-22,B.1.2,,hCoV-19/USA/MA-NEIDL-00311/2021
bu0381,2021-02-25,2021-02-22,R.1,,hCoV-19/USA/MA-NEIDL-00312/2021
bu0382,2021-02-25,2021-02-22,B.1.1.7,Alpha,hCoV-19/USA/MA-NEIDL-00313/2021
bu0383,2021-02-25,2021-02-22,B.1.1.7,Alpha,hCoV-19/USA/MA-NEIDL-00314/2021
bu0384,2021-02-25,2021-02-22,B.1.1.7,Alpha,hCoV-19/USA/MA-NEIDL-00315/2021
bu0385,2021-02-25,2021-02-22,B.1.1.7,Alpha,hCoV-19/USA/MA-NEIDL-00316/2021
bu0386,2021-02-25,2021-02-22,B.1.517,,hCoV-19/USA/MA-NEIDL-00317/2021
bu0387,2021-02-25,2021-02-22,B.1.1.7,Alpha,hCoV-19/USA/MA-NEIDL-00318/2021
bu0388,2021-02-25,2021-02-22,B.1.1.7,Alpha,hCoV-19/USA/MA-NEIDL-00319/2021
bu0389,2021-02-25,2021-02-22,B.1.1.7,Alpha,hCoV-19/USA/MA-NEIDL-00320/2021
bu0390,2021-02-25,2021-02-22,B.1.1.7,Alpha,hCoV-19/USA/MA-NEIDL-00321/2021
bu0391,2021-02-26,2021-02-22,B.1.1.7,Alpha,hCoV-19/USA/MA-NEIDL-00322/2021
bu0392,2021-02-26,2021-02-22,B.1.1.7,Alpha,hCoV-19/USA/MA-NEIDL-00323/2021
bu0393,2021-02-26,2021-02-22,B.1.517,,hCoV-19/USA/MA-NEIDL-00324/2021
bu0394,2021-02-26,2021-02-22,B.1.517,,hCoV-19/USA/MA-NEIDL-00325/2021
bu0395,2021-02-26,2021-02-22,B.1.1.7,Alpha,hCoV-19/USA/MA-NEIDL-00326/2021
bu0396,2021-02-26,2021-02-22,B.1,,hCoV-19/USA/MA-NEIDL-00327/2021
bu0397,2021-02-26,2021-02-22,B.1.1.7,Alpha,hCoV-19/USA/MA-NEIDL-00328/2021
bu0398,2021-02-26,2021-02-22,B.1.1.7,Alpha,hCoV-19/USA/MA-NEIDL-00329/2021
bu0399,2021-02-26,2021-02-22,B.1.1.7,Alpha,hCoV-19/USA/MA-NEIDL-00330/2021
bu0400,2021-02-26,2021-02-22,B.1.1.7,Alpha,hCoV-19/USA/MA-NEIDL-00331/2021
bu0401,2021-02-26,2021-02-22,B.1.1.7,Alpha,hCoV-19/USA/MA-NEIDL-00332/2021
bu0402,2021-02-27,2021-02-22,B.1.1.7,Alpha,hCoV-19/USA/MA-NEIDL-00333/2021
bu0403,2021-02-27,2021-02-22,B.1.1.7,Alpha,hCoV-19/USA/MA-NEIDL-00334/2021
bu0404,2021-02-27,2021-02-22,,,
bu0405,2021-02-27,2021-02-22,B.1.1.7,Alpha,hCoV-19/USA/MA-NEIDL-00335/2021
bu0406,2021-02-28,2021-02-22,R.1,,hCoV-19/USA/MA-NEIDL-00336/2021
bu0407,2021-02-27,2021-02-22,B.1.243,,hCoV-19/USA/MA-NEIDL-00337/2021
bu0408,2021-02-27,2021-02-22,,,hCoV-19/USA/MA-NEIDL-00338/2021
bu0409,2021-02-27,2021-02-22,B.1.1.7,Alpha,hCoV-19/USA/MA-NEIDL-00339/2021
bu0410,2021-02-27,2021-02-22,B.1.1.7,Alpha,hCoV-19/USA/MA-NEIDL-00340/2021
bu0411,2021-02-28,2021-02-22,B.1.1.7,Alpha,hCoV-19/USA/MA-NEIDL-00341/2021
bu0412,2021-02-28,2021-02-22,B.1.1.7,Alpha,hCoV-19/USA/MA-NEIDL-00342/2021
bu0413,2021-02-28,2021-02-22,B.1.1.7,Alpha,hCoV-19/USA/MA-NEIDL-00343/2021
bu0414,2021-02-28,2021-02-22,B.1.517,,hCoV-19/USA/MA-NEIDL-00344/2021
bu0415,2021-02-28,2021-02-22,B.1.596,,hCoV-19/USA/MA-NEIDL-00345/2021
bu0416,2021-02-28,2021-02-22,B.1.517,,hCoV-19/USA/MA-NEIDL-00346/2021
bu0417,2021-02-28,2021-02-22,B.1.2,,hCoV-19/USA/MA-NEIDL-00347/2021
bu0418,2021-03-01,2021-03-01,,,hCoV-19/USA/MA-NEIDL-00348/2021
bu0419,2021-03-01,2021-03-01,,,hCoV-19/USA/MA-NEIDL-00349/2021
bu0420,2021-03-01,2021-03-01,,,
bu0421,2021-03-01,2021-03-01,,,
bu0422,2021-03-01,2021-03-01,,,hCoV-19/USA/MA-NEIDL-00350/2021
bu0423,2021-03-01,2021-03-01,B.1.2,,hCoV-19/USA/MA-NEIDL-00351/2021
bu0424,2021-03-01,2021-03-01,B.1.243,,hCoV-19/USA/MA-NEIDL-00352/2021
bu0425,2021-03-01,2021-03-01,,,
bu0426,2021-03-01,2021-03-01,B.1.517,,hCoV-19/USA/MA-NEIDL-00353/2021
bu0427,2021-03-02,2021-03-01,B.1.2,,hCoV-19/USA/MA-NEIDL-00354/2021
bu0428,2021-03-02,2021-03-01,B.1.1.7,Alpha,hCoV-19/USA/MA-NEIDL-00355/2021
bu0429,2021-03-02,2021-03-01,B.1.1.7,Alpha,hCoV-19/USA/MA-NEIDL-00356/2021
bu0430,2021-03-02,2021-03-01,B.1,,hCoV-19/USA/MA-NEIDL-00357/2021
bu0431,2021-03-02,2021-03-01,B.1.2,,hCoV-19/USA/MA-NEIDL-00358/2021
bu0432,2021-03-02,2021-03-01,B.1.243,,hCoV-19/USA/MA-NEIDL-00359/2021
bu0433,2021-03-02,2021-03-01,B.1.1.7,Alpha,hCoV-19/USA/MA-NEIDL-00360/2021
bu0434,2021-03-02,2021-03-01,B.1.2,,hCoV-19/USA/MA-NEIDL-00361/2021
bu0435,2021-03-02,2021-03-01,B.1.1.7,Alpha,hCoV-19/USA/MA-NEIDL-00362/2021
bu0436,2021-03-02,2021-03-01,B.1.429,,hCoV-19/USA/MA-NEIDL-00363/2021
bu0437,2021-03-03,2021-03-01,,,hCoV-19/USA/MA-NEIDL-00364/2021
bu0438,2021-03-03,2021-03-01,B.1.1.7,Alpha,hCoV-19/USA/MA-NEIDL-00365/2021
bu0439,2021-03-03,2021-03-01,B.1.2,,hCoV-19/USA/MA-NEIDL-00366/2021
bu0440,2021-03-03,2021-03-01,B.1.2,,hCoV-19/USA/MA-NEIDL-00367/2021
bu0441,2021-03-03,2021-03-01,B.1.1.7,Alpha,hCoV-19/USA/MA-NEIDL-00368/2021
bu0442,2021-03-03,2021-03-01,R.1,,hCoV-19/USA/MA-NEIDL-00369/2021
bu0443,2021-03-04,2021-03-01,,,
bu0444,2021-03-04,2021-03-01,,,
bu0445,2021-03-04,2021-03-01,B.1.2,,hCoV-19/USA/MA-NEIDL-00370/2021
bu0446,2021-02-04,2021-02-01,B.1.1.7,Alpha,hCoV-19/USA/MA-NEIDL-00371/2021
bu0447,2021-03-04,2021-03-01,B.1.1.519,,hCoV-19/USA/MA-NEIDL-00372/2021
bu0448,2021-03-04,2021-03-01,B.1.2,,hCoV-19/USA/MA-NEIDL-00373/2021
bu0449,2021-03-04,2021-03-01,R.1,,hCoV-19/USA/MA-NEIDL-00374/2021
bu0450,2021-03-04,2021-03-01,B.1.1.7,Alpha,hCoV-19/USA/MA-NEIDL-00375/2021
bu0451,2021-03-04,2021-03-01,B.1.2,,hCoV-19/USA/MA-NEIDL-00376/2021
bu0452,2021-03-04,2021-03-01,,,hCoV-19/USA/MA-NEIDL-00377/2021
bu0453,2021-03-04,2021-03-01,B.1.409,,hCoV-19/USA/MA-NEIDL-00378/2021
bu0454,2021-03-05,2021-03-01,B.1.2,,hCoV-19/USA/MA-NEIDL-00379/2021
bu0455,2021-03-04,2021-03-01,B.1.1,,hCoV-19/USA/MA-NEIDL-00380/2021
bu0456,2021-03-05,2021-03-01,B.1,,hCoV-19/USA/MA-NEIDL-00381/2021
bu0457,2021-03-05,2021-03-01,R.1,,hCoV-19/USA/MA-NEIDL-00382/2021
bu0458,2021-03-05,2021-03-01,B.1.1.7,Alpha,hCoV-19/USA/MA-NEIDL-00383/2021
bu0459,2021-03-05,2021-03-01,,,
bu0460,2021-03-05,2021-03-01,B.1.2,,hCoV-19/USA/MA-NEIDL-00384/2021
bu0461,2021-03-05,2021-03-01,,,
bu0462,2021-03-05,2021-03-01,,,
bu0463,2021-03-05,2021-03-01,B.1.1.519,,hCoV-19/USA/MA-NEIDL-00385/2021
bu0464,2021-03-06,2021-03-01,B.1.517,,hCoV-19/USA/MA-NEIDL-00386/2021
bu0465,2021-03-06,2021-03-01,B.1,,hCoV-19/USA/MA-NEIDL-00387/2021
bu0466,2021-03-06,2021-03-01,B.1.2,,hCoV-19/USA/MA-NEIDL-00388/2021
bu0467,2021-03-06,2021-03-01,B.1.2,,hCoV-19/USA/MA-NEIDL-00389/2021
bu0468,2021-03-06,2021-03-01,,,
bu0469,2021-03-07,2021-03-01,B.1.1.7,Alpha,hCoV-19/USA/MA-NEIDL-00390/2021
bu0470,2021-03-07,2021-03-01,B.1.429,,hCoV-19/USA/MA-NEIDL-00391/2021
bu0471,2021-03-07,2021-03-01,B.1.1.519,,hCoV-19/USA/MA-NEIDL-00392/2021
bu0472,2021-03-07,2021-03-01,B.1.1.7,Alpha,hCoV-19/USA/MA-NEIDL-00393/2021
bu0473,2021-03-07,2021-03-01,B.1.1.7,Alpha,hCoV-19/USA/MA-NEIDL-00394/2021
bu0474,2021-03-07,2021-03-01,B.1.1.7,Alpha,hCoV-19/USA/MA-NEIDL-00395/2021
bu0475,2021-03-07,2021-03-01,B.1.1.7,Alpha,hCoV-19/USA/MA-NEIDL-00396/2021
bu0476,2021-03-07,2021-03-01,B.1.2,,hCoV-19/USA/MA-NEIDL-00397/2021
bu0477,2021-03-08,2021-03-08,B.1.525,,hCoV-19/USA/MA-NEIDL-00398/2021
bu0478,2021-03-08,2021-03-08,B.1.517,,hCoV-19/USA/MA-NEIDL-00399/2021
bu0479,2021-03-08,2021-03-08,B.1.575,,hCoV-19/USA/MA-NEIDL-00400/2021
bu0480,2021-03-08,2021-03-08,B.1.1.7,Alpha,hCoV-19/USA/MA-NEIDL-00401/2021
bu0481,2021-03-08,2021-03-08,B.1.1.7,Alpha,hCoV-19/USA/MA-NEIDL-00402/2021
bu0482,2021-03-08,2021-03-08,,,
bu0483,2021-03-08,2021-03-08,B.1.1.7,Alpha,hCoV-19/USA/MA-NEIDL-00403/2021
bu0484,2021-03-08,2021-03-08,B.1.1.7,Alpha,hCoV-19/USA/MA-NEIDL-00404/2021
bu0485,2021-03-09,2021-03-08,B.1.2,,hCoV-19/USA/MA-NEIDL-00405/2021
bu0486,2021-03-09,2021-03-08,,,
bu0487,2021-03-09,2021-03-08,B.1.526,,hCoV-19/USA/MA-NEIDL-00406/2021
bu0488,2021-03-09,2021-03-08,B.1.526,,hCoV-19/USA/MA-NEIDL-00407/2021
bu0489,2021-03-09,2021-03-08,B.1.1.7,Alpha,hCoV-19/USA/MA-NEIDL-00408/2021
bu0490,2021-03-21,2021-03-15,B.1.1.7,Alpha,hCoV-19/USA/MA-NEIDL-00409/2021
bu0491,2021-03-09,2021-03-08,B.1.1.7,Alpha,hCoV-19/USA/MA-NEIDL-00410/2021
bu0492,2021-03-09,2021-03-08,B.1.2,,hCoV-19/USA/MA-NEIDL-00411/2021
bu0493,2021-03-09,2021-03-08,B.1.526,,hCoV-19/USA/MA-NEIDL-00412/2021
bu0494,2021-03-10,2021-03-08,B.1.243,,hCoV-19/USA/MA-NEIDL-00413/2021
bu0495,2021-03-10,2021-03-08,B.1.525,,hCoV-19/USA/MA-NEIDL-00414/2021
bu0496,2021-03-10,2021-03-08,B.1.525,,hCoV-19/USA/MA-NEIDL-00415/2021
bu0497,2021-03-10,2021-03-08,B.1.2,,hCoV-19/USA/MA-NEIDL-00416/2021
bu0498,2021-03-10,2021-03-08,B.1.595,,hCoV-19/USA/MA-NEIDL-00417/2021
bu0499,2021-03-10,2021-03-08,B.1.1.7,Alpha,hCoV-19/USA/MA-NEIDL-00418/2021
bu0500,2021-03-10,2021-03-08,B.1.1.7,Alpha,hCoV-19/USA/MA-NEIDL-00419/2021
bu0501,2021-03-10,2021-03-08,B.1.517,,hCoV-19/USA/MA-NEIDL-00420/2021
bu0502,2021-03-10,2021-03-08,B.1.525,,hCoV-19/USA/MA-NEIDL-00421/2021
bu0503,2021-03-11,2021-03-08,B.1.1.7,Alpha,hCoV-19/USA/MA-NEIDL-00422/2021
bu0504,2021-03-11,2021-03-08,B.1.525,,hCoV-19/USA/MA-NEIDL-00423/2021
bu0505,2021-03-11,2021-03-08,B.1.526,,hCoV-19/USA/MA-NEIDL-00424/2021
bu0506,2021-03-11,2021-03-08,,,
bu0507,2021-03-11,2021-03-08,,,
bu0508,2021-03-11,2021-03-08,B.1.1.7,Alpha,hCoV-19/USA/MA-NEIDL-00425/2021
bu0509,2021-03-11,2021-03-08,B.1.1.7,Alpha,hCoV-19/USA/MA-NEIDL-00426/2021
bu0510,2021-03-11,2021-03-08,B.1.1.7,Alpha,hCoV-19/USA/MA-NEIDL-00427/2021
bu0511,2021-03-11,2021-03-08,B.1.1.7,Alpha,hCoV-19/USA/MA-NEIDL-00428/2021
bu0512,2021-03-11,2021-03-08,B.1.623,,hCoV-19/USA/MA-NEIDL-00429/2021
bu0513,2021-03-11,2021-03-08,B.1.526,,hCoV-19/USA/MA-NEIDL-00430/2021
bu0514,2021-03-12,2021-03-08,B.1.1.7,Alpha,hCoV-19/USA/MA-NEIDL-00431/2021
bu0515,2021-03-12,2021-03-08,,,
bu0516,2021-03-12,2021-03-08,,,hCoV-19/USA/MA-NEIDL-00432/2021
bu0517,2021-03-12,2021-03-08,B.1.1.7,Alpha,hCoV-19/USA/MA-NEIDL-00433/2021
bu0518,2021-03-12,2021-03-08,,,
bu0519,2021-03-12,2021-03-08,B.1.1.7,Alpha,hCoV-19/USA/MA-NEIDL-00434/2021
bu0520,2021-03-12,2021-03-08,R.1,,hCoV-19/USA/MA-NEIDL-00435/2021
bu0521,2021-03-12,2021-03-08,,,
bu0522,2021-03-12,2021-03-08,,,
bu0523,2021-03-12,2021-03-08,B.1.526,,hCoV-19/USA/MA-NEIDL-00436/2021
bu0524,2021-03-12,2021-03-08,B.1.1.7,Alpha,hCoV-19/USA/MA-NEIDL-00437/2021
bu0525,2021-03-12,2021-03-08,B.1.1.7,Alpha,hCoV-19/USA/MA-NEIDL-00438/2021
bu0526,2021-03-12,2021-03-08,B.1.517,,hCoV-19/USA/MA-NEIDL-00439/2021
bu0527,2021-03-12,2021-03-08,B.1.1.7,Alpha,hCoV-19/USA/MA-NEIDL-00440/2021
bu0528,2021-03-12,2021-03-08,,,
bu0529,2021-03-12,2021-03-08,B.1.2,,hCoV-19/USA/MA-NEIDL-00441/2021
bu0530,2021-03-12,2021-03-08,,,
bu0531,2021-03-13,2021-03-08,B.1.1.7,Alpha,hCoV-19/USA/MA-NEIDL-00442/2021
bu0532,2021-03-13,2021-03-08,B.1.2,,hCoV-19/USA/MA-NEIDL-00443/2021
bu0533,2021-03-13,2021-03-08,,,
bu0534,2021-03-13,2021-03-08,B.1.2,,hCoV-19/USA/MA-NEIDL-00444/2021
bu0535,2021-03-13,2021-03-08,,,
bu0536,2021-03-14,2021-03-08,B.1.1.7,Alpha,hCoV-19/USA/MA-NEIDL-00445/2021
bu0537,2021-03-14,2021-03-08,B.1.526,,hCoV-19/USA/MA-NEIDL-00446/2021
bu0538,2021-03-13,2021-03-08,B.1.526,,hCoV-19/USA/MA-NEIDL-00447/2021
bu0539,2021-03-14,2021-03-08,B.1.1.7,Alpha,hCoV-19/USA/MA-NEIDL-00448/2021
bu0540,2021-03-14,2021-03-08,B.1.526,,hCoV-19/USA/MA-NEIDL-00449/2021
bu0541,2021-03-14,2021-03-08,,,
bu0546,2021-03-16,2021-03-15,,,
bu0547,2021-03-14,2021-03-08,B.1.1.7,Alpha,hCoV-19/USA/MA-NEIDL-00454/2021
bu0548,2021-03-16,2021-03-15,B.1.526,,hCoV-19/USA/MA-NEIDL-00455/2021
bu0549,2021-03-14,2021-03-08,,,
bu0550,2021-03-15,2021-03-15,B.1.2,,hCoV-19/USA/MA-NEIDL-00456/2021
bu0551,2021-03-15,2021-03-15,,,
bu0552,2021-03-15,2021-03-15,B.1.1,,hCoV-19/USA/MA-NEIDL-00457/2021
bu0553,2021-03-15,2021-03-15,,,
bu0554,2021-03-15,2021-03-15,,,
bu0555,2021-03-15,2021-03-15,B.1.1.7,Alpha,hCoV-19/USA/MA-NEIDL-00458/2021
bu0556,2021-03-16,2021-03-15,B.1.526,,hCoV-19/USA/MA-NEIDL-00459/2021
bu0557,2021-03-15,2021-03-15,B.1.526,,hCoV-19/USA/MA-NEIDL-00460/2021
bu0558,2021-03-15,2021-03-15,,,
bu0559,2021-03-15,2021-03-15,B.1.1.7,Alpha,hCoV-19/USA/MA-NEIDL-00461/2021
bu0560,2021-03-16,2021-03-15,P.1.1,Gamma,hCoV-19/USA/MA-NEIDL-00462/2021
bu0561,2021-03-16,2021-03-15,,,
bu0562,2021-03-16,2021-03-15,,,
bu0563,2021-03-16,2021-03-15,B.1,,hCoV-19/USA/MA-NEIDL-00463/2021
bu0564,2021-03-16,2021-03-15,,,
bu0565,2021-03-16,2021-03-15,B.1.526,,hCoV-19/USA/MA-NEIDL-00464/2021
bu0566,2021-03-16,2021-03-15,B.1.526,,hCoV-19/USA/MA-NEIDL-00465/2021
bu0567,2021-03-16,2021-03-15,B.1.526,,hCoV-19/USA/MA-NEIDL-00466/2021
bu0568,2021-03-16,2021-03-15,B.1.1.7,Alpha,hCoV-19/USA/MA-NEIDL-00467/2021
bu0569,2021-03-15,2021-03-15,,,
bu0570,2021-03-16,2021-03-15,,,
bu0571,2021-03-16,2021-03-15,B.1.526,,hCoV-19/USA/MA-NEIDL-00468/2021
bu0572,2021-03-16,2021-03-15,,,hCoV-19/USA/MA-NEIDL-00469/2021
bu0573,2021-03-16,2021-03-15,,,
bu0574,2021-03-17,2021-03-15,,,
bu0575,2021-03-17,2021-03-15,B.1.526,,hCoV-19/USA/MA-NEIDL-00470/2021
bu0576,2021-03-17,2021-03-15,B.1.526,,hCoV-19/USA/MA-NEIDL-00471/2021
bu0577,2021-03-17,2021-03-15,B.1.526,,hCoV-19/USA/MA-NEIDL-00472/2021
bu0578,2021-03-17,2021-03-15,B.1.1.7,Alpha,hCoV-19/USA/MA-NEIDL-00473/2021
bu0579,2021-03-17,2021-03-15,B.1.526,,hCoV-19/USA/MA-NEIDL-00474/2021
bu0580,2021-03-17,2021-03-15,,,
bu0581,2021-03-17,2021-03-15,,,
bu0582,2021-03-18,2021-03-15,B.1.2,,hCoV-19/USA/MA-NEIDL-00475/2021
bu0583,2021-03-18,2021-03-15,B.1.1.7,Alpha,hCoV-19/USA/MA-NEIDL-00476/2021
bu0584,2021-03-18,2021-03-15,B.1.526,,hCoV-19/USA/MA-NEIDL-00477/2021
bu0585,2021-03-18,2021-03-15,B.1.1.7,Alpha,hCoV-19/USA/MA-NEIDL-00478/2021
bu0586,2021-03-17,2021-03-15,B.1.1.7,Alpha,hCoV-19/USA/MA-NEIDL-00479/2021
bu0587,2021-03-18,2021-03-15,,,
bu0588,2021-03-18,2021-03-15,B.1.526,,hCoV-19/USA/MA-NEIDL-00480/2021
bu0589,2021-03-19,2021-03-15,,,hCoV-19/USA/MA-NEIDL-00481/2021
bu0590,2021-03-19,2021-03-15,B.1.526,,hCoV-19/USA/MA-NEIDL-00482/2021
bu0591,2021-03-19,2021-03-15,B.1.1.7,Alpha,hCoV-19/USA/MA-NEIDL-00483/2021
bu0592,2021-03-19,2021-03-15,B.1.429,,hCoV-19/USA/MA-NEIDL-00484/2021
bu0593,2021-03-19,2021-03-15,B.1.623,,hCoV-19/USA/MA-NEIDL-00485/2021
bu0594,2021-03-20,2021-03-15,B.1.429,,hCoV-19/USA/MA-NEIDL-00486/2021
bu0595,2021-03-20,2021-03-15,B.1.1.7,Alpha,hCoV-19/USA/MA-NEIDL-00487/2021
bu0596,2021-03-21,2021-03-15,B.1.2,,hCoV-19/USA/MA-NEIDL-00488/2021
bu0597,2021-03-22,2021-03-22,B.1.110.3,,hCoV-19/USA/MA-NEIDL-00489/2021
bu0598,2021-01-04,2021-01-04,B.1.2,,hCoV-19/USA/MA-NEIDL-00490/2021
bu0599,2021-01-04,2021-01-04,B.1.517,,hCoV-19/USA/MA-NEIDL-00491/2021
bu0600,2021-01-04,2021-01-04,,,
bu0601,2021-01-04,2021-01-04,B.1.110.3,,hCoV-19/USA/MA-NEIDL-00492/2021
bu0602,2021-01-04,2021-01-04,B.1,,hCoV-19/USA/MA-NEIDL-00493/2021
bu0603,2021-01-02,2020-12-28,B.1.2,,hCoV-19/USA/MA-NEIDL-00494/2021
bu0604,2021-01-02,2020-12-28,B.1.1.316,,hCoV-19/USA/MA-NEIDL-00495/2021
bu0605,2021-01-02,2020-12-28,,,
bu0606,2021-01-02,2020-12-28,B.1,,hCoV-19/USA/MA-NEIDL-00496/2021
bu0607,2021-01-02,2020-12-28,B.1.2,,hCoV-19/USA/MA-NEIDL-00497/2021
bu0608,2021-01-02,2020-12-28,B.1,,hCoV-19/USA/MA-NEIDL-00498/2021
bu0609,2021-01-02,2020-12-28,B.1.1.316,,hCoV-19/USA/MA-NEIDL-00499/2021
bu0610,2021-01-02,2020-12-28,B.1.243,,hCoV-19/USA/MA-NEIDL-00500/2021
bu0611,2021-01-02,2020-12-28,B.1.517,,hCoV-19/USA/MA-NEIDL-00501/2021
bu0612,2021-01-04,2021-01-04,,,
bu0613,2021-01-02,2020-12-28,B.1.2,,hCoV-19/USA/MA-NEIDL-00502/2021
bu0614,2021-01-02,2020-12-28,B.1.517,,hCoV-19/USA/MA-NEIDL-00503/2021
bu0615,2021-01-02,2020-12-28,B.1.2,,hCoV-19/USA/MA-NEIDL-00504/2021
bu0616,2021-01-02,2020-12-28,B.1.2,,hCoV-19/USA/MA-NEIDL-00505/2021
bu0617,2021-01-02,2020-12-28,,,
bu0618,2021-01-02,2020-12-28,B.1.1.316,,hCoV-19/USA/MA-NEIDL-00506/2021
bu0619,2021-01-02,2020-12-28,B.1.1.316,,hCoV-19/USA/MA-NEIDL-00507/2021
bu0620,2021-01-02,2020-12-28,B.1.517,,hCoV-19/USA/MA-NEIDL-00508/2021
bu0621,2021-01-02,2020-12-28,B.1.375,,hCoV-19/USA/MA-NEIDL-00509/2021
bu0622,2021-01-02,2020-12-28,B.1.517,,hCoV-19/USA/MA-NEIDL-00510/2021
bu0623,2021-01-02,2020-12-28,B.1,,hCoV-19/USA/MA-NEIDL-00511/2021
bu0624,2021-01-02,2020-12-28,B.1.2,,hCoV-19/USA/MA-NEIDL-00512/2021
bu0625,2021-01-02,2020-12-28,B.1.517,,hCoV-19/USA/MA-NEIDL-00513/2021
bu0626,2021-01-02,2020-12-28,B.1.517,,hCoV-19/USA/MA-NEIDL-00514/2021
bu0627,2021-01-03,2020-12-28,,,
bu0628,2021-01-03,2020-12-28,B.1.1.434,,hCoV-19/USA/MA-NEIDL-00515/2021
bu0629,2021-01-04,2021-01-04,B.1.1.316,,hCoV-19/USA/MA-NEIDL-00516/2021
bu0630,2021-01-04,2021-01-04,,,
bu0631,2021-01-02,2020-12-28,B.1.517,,hCoV-19/USA/MA-NEIDL-00517/2021
bu0632,2021-01-02,2020-12-28,B.1.2,,hCoV-19/USA/MA-NEIDL-00518/2021
bu0633,2021-01-03,2020-12-28,,,
bu0634,2021-01-03,2020-12-28,B.1.243,,hCoV-19/USA/MA-NEIDL-00519/2021
bu0635,2021-01-04,2021-01-04,B.1.1,,hCoV-19/USA/MA-NEIDL-00520/2021
bu0636,2021-01-04,2021-01-04,B.1.1.434,,hCoV-19/USA/MA-NEIDL-00521/2021
bu0637,2021-01-02,2020-12-28,B.1,,hCoV-19/USA/MA-NEIDL-00522/2021
bu0638,2021-01-02,2020-12-28,B.1.409,,hCoV-19/USA/MA-NEIDL-00523/2021
bu0639,2021-01-03,2020-12-28,B.1.429,,hCoV-19/USA/MA-NEIDL-00524/2021
bu0640,2021-02-04,2021-02-01,,,
bu0641,2021-01-04,2021-01-04,,,
bu0642,2021-01-04,2021-01-04,B.1.580,,hCoV-19/USA/MA-NEIDL-00525/2021
bu0643,2021-01-02,2020-12-28,B.1.1.486,,hCoV-19/USA/MA-NEIDL-00526/2021
bu0644,2021-01-02,2020-12-28,B.1.2,,hCoV-19/USA/MA-NEIDL-00527/2021
bu0645,2021-01-03,2020-12-28,B.1.400,,hCoV-19/USA/MA-NEIDL-00528/2021
bu0646,2021-01-03,2020-12-28,B.1.1.486,,hCoV-19/USA/MA-NEIDL-00529/2021
bu0647,2021-01-04,2021-01-04,B.1,,hCoV-19/USA/MA-NEIDL-00530/2021
bu0648,2021-01-04,2021-01-04,,,
bu0649,2021-01-02,2020-12-28,B.1.2,,hCoV-19/USA/MA-NEIDL-00531/2021
bu0650,2021-01-02,2020-12-28,B.1.1.464,,hCoV-19/USA/MA-NEIDL-00532/2021
bu0651,2021-01-03,2020-12-28,B.1.409,,hCoV-19/USA/MA-NEIDL-00533/2021
bu0652,2021-01-03,2020-12-28,B.1.575,,hCoV-19/USA/MA-NEIDL-00534/2021
bu0653,2021-01-04,2021-01-04,B.1.2,,hCoV-19/USA/MA-NEIDL-00535/2021
bu0654,2021-01-04,2021-01-04,,,
bu0655,2021-01-02,2020-12-28,B.1.369,,hCoV-19/USA/MA-NEIDL-00536/2021
bu0656,2021-01-03,2020-12-28,B.1.517,,hCoV-19/USA/MA-NEIDL-00537/2021
bu0657,2021-01-03,2020-12-28,B.1.409,,hCoV-19/USA/MA-NEIDL-00538/2021
bu0658,2021-01-04,2021-01-04,B.1.2,,hCoV-19/USA/MA-NEIDL-00539/2021
bu0659,2021-01-04,2021-01-04,,,
bu0660,2021-01-04,2021-01-04,B.1.234,,hCoV-19/USA/MA-NEIDL-00540/2021
bu0661,2021-01-04,2021-01-04,B.1.517,,hCoV-19/USA/MA-NEIDL-00541/2021
bu0662,2021-01-05,2021-01-04,A.23.1,,hCoV-19/USA/MA-NEIDL-00542/2021
bu0663,2021-01-05,2021-01-04,B.1.517,,hCoV-19/USA/MA-NEIDL-00543/2021
bu0664,2021-01-06,2021-01-04,B.1.2,,hCoV-19/USA/MA-NEIDL-00544/2021
bu0665,2021-01-04,2021-01-04,B.1.2,,hCoV-19/USA/MA-NEIDL-00545/2021
bu0666,2021-01-05,2021-01-04,B.1.375,,hCoV-19/USA/MA-NEIDL-00546/2021
bu0667,2021-01-05,2021-01-04,B.1.234,,hCoV-19/USA/MA-NEIDL-00547/2021
bu0668,2021-01-06,2021-01-04,,,
bu0669,2021-01-04,2021-01-04,B.1.2,,hCoV-19/USA/MA-NEIDL-00548/2021
bu0670,2021-01-05,2021-01-04,B.1.2,,hCoV-19/USA/MA-NEIDL-00549/2021
bu0671,2021-01-05,2021-01-04,B.1.2,,hCoV-19/USA/MA-NEIDL-00550/2021
bu0672,2021-01-06,2021-01-04,B.1.2,,hCoV-19/USA/MA-NEIDL-00551/2021
bu0673,2021-01-04,2021-01-04,B.1.110.3,,hCoV-19/USA/MA-NEIDL-00552/2021
bu0674,2021-01-05,2021-01-04,B.1.1.434,,hCoV-19/USA/MA-NEIDL-00553/2021
bu0675,2021-01-05,2021-01-04,B.1.2,,hCoV-19/USA/MA-NEIDL-00554/2021
bu0676,2021-01-06,2021-01-04,B.1.517,,hCoV-19/USA/MA-NEIDL-00555/2021
bu0677,2021-01-05,2021-01-04,B.1.2,,hCoV-19/USA/MA-NEIDL-00556/2021
bu0678,2021-01-05,2021-01-04,B.1,,hCoV-19/USA/MA-NEIDL-00557/2021
bu0679,2021-01-06,2021-01-04,B.1.349,,hCoV-19/USA/MA-NEIDL-00558/2021
bu0680,2021-01-06,2021-01-04,B.1.110.3,,hCoV-19/USA/MA-NEIDL-00559/2021
bu0681,2021-01-05,2021-01-04,,,
bu0682,2021-01-05,2021-01-04,B.1.1.434,,hCoV-19/USA/MA-NEIDL-00560/2021
bu0683,2021-01-06,2021-01-04,B.1.433,,hCoV-19/USA/MA-NEIDL-00561/2021
bu0684,2021-01-06,2021-01-04,B.1.517,,hCoV-19/USA/MA-NEIDL-00562/2021
bu0685,2021-03-21,2021-03-15,B.1.2,,hCoV-19/USA/MA-NEIDL-00563/2021
bu0686,2021-03-21,2021-03-15,B.1.1.7,Alpha,hCoV-19/USA/MA-NEIDL-00564/2021
bu0687,2021-03-22,2021-03-22,B.1.1.7,Alpha,hCoV-19/USA/MA-NEIDL-00565/2021
bu0688,2021-03-22,2021-03-22,B.1.1.7,Alpha,hCoV-19/USA/MA-NEIDL-00566/2021
bu0689,2021-03-22,2021-03-22,B.1.1.7,Alpha,hCoV-19/USA/MA-NEIDL-00567/2021
bu0690,2021-03-22,2021-03-22,B.1.1.7,Alpha,hCoV-19/USA/MA-NEIDL-00568/2021
bu0691,2021-03-22,2021-03-22,,,
bu0692,2021-03-22,2021-03-22,B.1.2,,hCoV-19/USA/MA-NEIDL-00569/2021
bu0693,2021-03-22,2021-03-22,B.1.2,,hCoV-19/USA/MA-NEIDL-00570/2021
bu0694,2021-03-22,2021-03-22,B.1.1.7,Alpha,hCoV-19/USA/MA-NEIDL-00571/2021
bu0695,2021-03-22,2021-03-22,,,
bu0696,2021-03-22,2021-03-22,B.1.2,,hCoV-19/USA/MA-NEIDL-00572/2021
bu0697,2021-03-22,2021-03-22,B.1.526,,hCoV-19/USA/MA-NEIDL-00573/2021
bu0698,2021-03-21,2021-03-15,B.1.2,,hCoV-19/USA/MA-NEIDL-00574/2021
bu0699,2021-03-22,2021-03-22,,,
bu0700,2021-03-22,2021-03-22,B.1.2,,hCoV-19/USA/MA-NEIDL-00575/2021
bu0701,2021-03-22,2021-03-22,B.1.1.7,Alpha,hCoV-19/USA/MA-NEIDL-00576/2021
bu0702,2021-03-22,2021-03-22,B.1.1.7,Alpha,hCoV-19/USA/MA-NEIDL-00577/2021
bu0703,2021-03-22,2021-03-22,B.1.1.7,Alpha,hCoV-19/USA/MA-NEIDL-00578/2021
bu0704,2021-03-22,2021-03-22,,,
bu0705,2021-03-22,2021-03-22,B.1.2,,hCoV-19/USA/MA-NEIDL-00579/2021
bu0706,2021-03-23,2021-03-22,B.1.2,,hCoV-19/USA/MA-NEIDL-00580/2021
bu0707,2021-03-23,2021-03-22,B.1.1.348,,hCoV-19/USA/MA-NEIDL-00581/2021
bu0708,2021-03-23,2021-03-22,,,
bu0709,2021-03-23,2021-03-22,,,hCoV-19/USA/MA-NEIDL-00582/2021
bu0710,2021-03-23,2021-03-22,Q.4,Alpha,hCoV-19/USA/MA-NEIDL-00583/2021
bu0711,2021-03-23,2021-03-22,B.1.1.7,Alpha,hCoV-19/USA/MA-NEIDL-00584/2021
bu0712,2021-03-23,2021-03-22,B.1.1.7,Alpha,hCoV-19/USA/MA-NEIDL-00585/2021
bu0713,2021-03-23,2021-03-22,B.1.1.7,Alpha,hCoV-19/USA/MA-NEIDL-00586/2021
bu0714,2021-03-23,2021-03-22,B.1.2,,hCoV-19/USA/MA-NEIDL-00587/2021
bu0715,2021-03-23,2021-03-22,B.1.1.7,Alpha,hCoV-19/USA/MA-NEIDL-00588/2021
bu0716,2021-03-23,2021-03-22,Q.4,Alpha,hCoV-19/USA/MA-NEIDL-00589/2021
bu0717,2021-03-24,2021-03-22,B.1,,hCoV-19/USA/MA-NEIDL-00590/2021
bu0718,2021-03-24,2021-03-22,,,hCoV-19/USA/MA-NEIDL-00591/2021
bu0719,2021-03-24,2021-03-22,B.1.1.7,Alpha,hCoV-19/USA/MA-NEIDL-00592/2021
bu0720,2021-03-24,2021-03-22,B.1.1.7,Alpha,hCoV-19/USA/MA-NEIDL-00593/2021
bu0721,2021-03-24,2021-03-22,B.1.1.7,Alpha,hCoV-19/USA/MA-NEIDL-00594/2021
bu0722,2021-03-24,2021-03-22,B.1.1.7,Alpha,hCoV-19/USA/MA-NEIDL-00595/2021
bu0723,2021-03-25,2021-03-22,B.1.2,,hCoV-19/USA/MA-NEIDL-00596/2021
bu0724,2021-03-25,2021-03-22,,,
bu0725,2021-03-26,2021-03-22,B.1.1.7,Alpha,hCoV-19/USA/MA-NEIDL-00597/2021
bu0726,2021-03-26,2021-03-22,B.1.1.7,Alpha,hCoV-19/USA/MA-NEIDL-00598/2021
bu0727,2021-03-26,2021-03-22,B.1.575,,hCoV-19/USA/MA-NEIDL-00599/2021
bu0728,2021-03-26,2021-03-22,B.1.637,,hCoV-19/USA/MA-NEIDL-00600/2021
bu0729,2021-03-26,2021-03-22,B.1.1.7,Alpha,hCoV-19/USA/MA-NEIDL-00601/2021
bu0730,2021-03-26,2021-03-22,B.1.637,,hCoV-19/USA/MA-NEIDL-00602/2021
bu0731,2021-03-26,2021-03-22,B.1.637,,hCoV-19/USA/MA-NEIDL-00603/2021
bu0732,2021-03-26,2021-03-22,Q.4,Alpha,hCoV-19/USA/MA-NEIDL-00604/2021
bu0733,2021-03-27,2021-03-22,B.1.1.7,Alpha,hCoV-19/USA/MA-NEIDL-00605/2021
bu0734,2021-03-27,2021-03-22,B.1.1.7,Alpha,hCoV-19/USA/MA-NEIDL-00606/2021
bu0735,2021-03-27,2021-03-22,B.1.567,,hCoV-19/USA/MA-NEIDL-00607/2021
bu0736,2021-03-27,2021-03-22,B.1.637,,hCoV-19/USA/MA-NEIDL-00608/2021
bu0737,2021-03-27,2021-03-22,B.1.525,,hCoV-19/USA/MA-NEIDL-00609/2021
bu0738,2021-03-28,2021-03-22,,,
bu0739,2021-03-28,2021-03-22,B.1.1.7,Alpha,hCoV-19/USA/MA-NEIDL-00610/2021
bu0740,2021-01-06,2021-01-04,B.1.2,,hCoV-19/USA/MA-NEIDL-00611/2021
bu0741,2021-01-07,2021-01-04,B.1.2,,hCoV-19/USA/MA-NEIDL-00612/2021
bu0742,2021-01-07,2021-01-04,B.1.596,,hCoV-19/USA/MA-NEIDL-00613/2021
bu0743,2021-01-06,2021-01-04,B.1.2,,hCoV-19/USA/MA-NEIDL-00614/2021
bu0744,2021-01-07,2021-01-04,B.1.240,,hCoV-19/USA/MA-NEIDL-00615/2021
bu0745,2021-01-07,2021-01-04,B.1.595,,hCoV-19/USA/MA-NEIDL-00616/2021
bu0746,2021-01-15,2021-01-11,B.1.1.316,,hCoV-19/USA/MA-NEIDL-00617/2021
bu0747,2021-01-07,2021-01-04,B.1.2,,hCoV-19/USA/MA-NEIDL-00618/2021
bu0748,2021-01-12,2021-01-11,B.1.588,,hCoV-19/USA/MA-NEIDL-00619/2021
bu0749,2021-01-07,2021-01-04,B.1.517,,hCoV-19/USA/MA-NEIDL-00620/2021
bu0750,2021-01-07,2021-01-04,B.1.1.486,,hCoV-19/USA/MA-NEIDL-00621/2021
bu0751,2021-01-07,2021-01-04,,,
bu0752,2021-01-08,2021-01-04,B.1.2,,hCoV-19/USA/MA-NEIDL-00622/2021
bu0753,2021-01-08,2021-01-04,B.1.517,,hCoV-19/USA/MA-NEIDL-00623/2021
bu0754,2021-01-09,2021-01-04,B.1.234,,hCoV-19/USA/MA-NEIDL-00624/2021
bu0755,2021-01-09,2021-01-04,,,
bu0756,2021-01-11,2021-01-11,B.1.1.486,,hCoV-19/USA/MA-NEIDL-00625/2021
bu0757,2021-01-08,2021-01-04,B.1.517,,hCoV-19/USA/MA-NEIDL-00626/2021
bu0758,2021-01-26,2021-01-25,B.1.2,,hCoV-19/USA/MA-NEIDL-00627/2021
bu0759,2021-01-08,2021-01-04,B.1.517,,hCoV-19/USA/MA-NEIDL-00628/2021
bu0760,2021-01-09,2021-01-04,,,hCoV-19/USA/MA-NEIDL-00629/2021
bu0761,2021-01-10,2021-01-04,B.1.2,,hCoV-19/USA/MA-NEIDL-00630/2021
bu0762,2021-01-11,2021-01-11,B.1.409,,hCoV-19/USA/MA-NEIDL-00631/2021
bu0763,2021-01-08,2021-01-04,B.1.2,,hCoV-19/USA/MA-NEIDL-00632/2021
bu0764,2021-01-08,2021-01-04,B.1.517,,hCoV-19/USA/MA-NEIDL-00633/2021
bu0765,2021-01-08,2021-01-04,B.1,,hCoV-19/USA/MA-NEIDL-00634/2021
bu0766,2021-01-09,2021-01-04,B.1.2,,hCoV-19/USA/MA-NEIDL-00635/2021
bu0767,2021-01-10,2021-01-04,B.1.609,,hCoV-19/USA/MA-NEIDL-00636/2021
bu0768,2021-01-11,2021-01-11,B.1.596,,hCoV-19/USA/MA-NEIDL-00637/2021
bu0769,2021-01-08,2021-01-04,R.2,,hCoV-19/USA/MA-NEIDL-00638/2021
bu0770,2021-01-08,2021-01-04,,,
bu0771,2021-01-08,2021-01-04,B.1.324,,hCoV-19/USA/MA-NEIDL-00639/2021
bu0772,2021-01-09,2021-01-04,B.1,,hCoV-19/USA/MA-NEIDL-00640/2021
bu0773,2021-01-11,2021-01-11,B.1.517,,hCoV-19/USA/MA-NEIDL-00641/2021
bu0774,2021-01-11,2021-01-11,B.1.1.274,,hCoV-19/USA/MA-NEIDL-00642/2021
bu0775,2021-01-08,2021-01-04,B.1.243,,hCoV-19/USA/MA-NEIDL-00643/2021
bu0776,2021-01-08,2021-01-04,B.1.177,,hCoV-19/USA/MA-NEIDL-00644/2021
bu0777,2021-01-08,2021-01-04,B.1.2,,hCoV-19/USA/MA-NEIDL-00645/2021
bu0778,2021-01-09,2021-01-04,B.1,,hCoV-19/USA/MA-NEIDL-00646/2021
bu0779,2021-01-11,2021-01-11,B.1.375,,hCoV-19/USA/MA-NEIDL-00647/2021
bu0780,2021-01-08,2021-01-04,B.1.409,,hCoV-19/USA/MA-NEIDL-00648/2021
bu0781,2021-01-08,2021-01-04,B.1.2,,hCoV-19/USA/MA-NEIDL-00649/2021
bu0782,2021-01-08,2021-01-04,B.1.517,,hCoV-19/USA/MA-NEIDL-00650/2021
bu0783,2021-01-09,2021-01-04,B.1.2,,hCoV-19/USA/MA-NEIDL-00651/2021
bu0784,2021-01-11,2021-01-11,B.1,,hCoV-19/USA/MA-NEIDL-00652/2021
bu0785,2021-01-11,2021-01-11,B.1.240,,hCoV-19/USA/MA-NEIDL-00653/2021
bu0786,2021-01-11,2021-01-11,B.1.588,,hCoV-19/USA/MA-NEIDL-00654/2021
bu0787,2021-01-12,2021-01-11,,,
bu0788,2021-01-12,2021-01-11,B.1.2,,hCoV-19/USA/MA-NEIDL-00655/2021
bu0789,2021-01-13,2021-01-11,B.1.2,,hCoV-19/USA/MA-NEIDL-00656/2021
bu0790,2021-01-13,2021-01-11,B.1.517,,hCoV-19/USA/MA-NEIDL-00657/2021
bu0791,2021-01-14,2021-01-11,B.1,,hCoV-19/USA/MA-NEIDL-00658/2021
bu0792,2021-01-11,2021-01-11,,,
bu0793,2021-01-12,2021-01-11,B.1.240,,hCoV-19/USA/MA-NEIDL-00659/2021
bu0794,2021-01-12,2021-01-11,B.1.2,,hCoV-19/USA/MA-NEIDL-00660/2021
bu0795,2021-01-13,2021-01-11,B.1.2,,hCoV-19/USA/MA-NEIDL-00661/2021
bu0796,2021-01-13,2021-01-11,,,
bu0797,2021-01-14,2021-01-11,B.1.2,,hCoV-19/USA/MA-NEIDL-00662/2021
bu0798,2021-01-11,2021-01-11,B.1.2,,hCoV-19/USA/MA-NEIDL-00663/2021
bu0799,2021-01-12,2021-01-11,B.1.1.316,,hCoV-19/USA/MA-NEIDL-00664/2021
bu0800,2021-01-12,2021-01-11,B.1.369,,hCoV-19/USA/MA-NEIDL-00665/2021
bu0801,2021-01-13,2021-01-11,B.1.369,,hCoV-19/USA/MA-NEIDL-00666/2021
bu0802,2021-01-14,2021-01-11,B.1.2,,hCoV-19/USA/MA-NEIDL-00667/2021
bu0803,2021-01-14,2021-01-11,B.1.580,,hCoV-19/USA/MA-NEIDL-00668/2021
bu0804,2021-01-11,2021-01-11,,,
bu0805,2021-01-12,2021-01-11,,,
bu0806,2021-01-13,2021-01-11,B.1.110.3,,hCoV-19/USA/MA-NEIDL-00669/2021
bu0807,2021-01-13,2021-01-11,B.1.243,,hCoV-19/USA/MA-NEIDL-00670/2021
bu0808,2021-01-14,2021-01-11,B.1.111,,hCoV-19/USA/MA-NEIDL-00671/2021
bu0809,2021-01-14,2021-01-11,B.1.2,,hCoV-19/USA/MA-NEIDL-00672/2021
bu0810,2021-01-11,2021-01-11,B.1.2,,hCoV-19/USA/MA-NEIDL-00673/2021
bu0811,2021-01-15,2021-01-11,B.1.2,,hCoV-19/USA/MA-NEIDL-00674/2021
bu0812,2021-01-12,2021-01-11,,,
bu0813,2021-01-13,2021-01-11,,,
bu0814,2021-01-14,2021-01-11,,,
bu0815,2021-01-14,2021-01-11,,,
bu0816,2021-01-11,2021-01-11,B.1.2,,hCoV-19/USA/MA-NEIDL-00675/2021
bu0817,2021-01-12,2021-01-11,,,
bu0818,2021-01-13,2021-01-11,B.1.2,,hCoV-19/USA/MA-NEIDL-00676/2021
bu0819,2021-01-13,2021-01-11,B.1.2,,hCoV-19/USA/MA-NEIDL-00677/2021
bu0820,2021-01-14,2021-01-11,B.1.588,,hCoV-19/USA/MA-NEIDL-00678/2021
bu0821,2021-01-14,2021-01-11,B.1.588,,hCoV-19/USA/MA-NEIDL-00679/2021
bu0822,2021-01-14,2021-01-11,B.1.1.416,,hCoV-19/USA/MA-NEIDL-00680/2021
bu0823,2021-01-15,2021-01-11,B.1.1.486,,hCoV-19/USA/MA-NEIDL-00681/2021
bu0824,2021-01-15,2021-01-11,B.1.2,,hCoV-19/USA/MA-NEIDL-00682/2021
bu0825,2021-01-15,2021-01-11,B.1.2,,hCoV-19/USA/MA-NEIDL-00683/2021
bu0826,2021-01-15,2021-01-11,,,
bu0827,2021-01-15,2021-01-11,B.1.1,,hCoV-19/USA/MA-NEIDL-00684/2021
bu0828,2021-03-28,2021-03-22,B.1.526,,hCoV-19/USA/MA-NEIDL-00685/2021
bu0829,2021-03-29,2021-03-29,,,hCoV-19/USA/MA-NEIDL-00686/2021
bu0830,2021-03-29,2021-03-29,B.1.2,,hCoV-19/USA/MA-NEIDL-00687/2021
bu0831,2021-03-29,2021-03-29,,,
bu0832,2021-03-29,2021-03-29,B.1.1.7,Alpha,hCoV-19/USA/MA-NEIDL-00688/2021
bu0833,2021-03-29,2021-03-29,,,
bu0834,2021-03-29,2021-03-29,B.1.526,,hCoV-19/USA/MA-NEIDL-00689/2021
bu0835,2021-03-29,2021-03-29,,,
bu0836,2021-03-30,2021-03-29,,,
bu0837,2021-03-30,2021-03-29,,,
bu0838,2021-03-30,2021-03-29,B.1.526,,hCoV-19/USA/MA-NEIDL-00690/2021
bu0839,2021-03-30,2021-03-29,B.1.1.7,Alpha,hCoV-19/USA/MA-NEIDL-00691/2021
bu0840,2021-03-30,2021-03-29,B.1.575,,hCoV-19/USA/MA-NEIDL-00692/2021
bu0841,2021-03-20,2021-03-15,B.1.1.7,Alpha,hCoV-19/USA/MA-NEIDL-00693/2021
bu0842,2021-03-30,2021-03-29,B.1.1.7,Alpha,hCoV-19/USA/MA-NEIDL-00694/2021
bu0843,2021-03-30,2021-03-29,B.1.1.7,Alpha,hCoV-19/USA/MA-NEIDL-00695/2021
bu0844,2021-03-30,2021-03-29,,,
bu0845,2021-03-30,2021-03-29,,,
bu0846,2021-03-30,2021-03-29,,,
bu0847,2021-03-31,2021-03-29,P.1,Gamma,hCoV-19/USA/MA-NEIDL-00696/2021
bu0848,2021-03-31,2021-03-29,B.1.1.7,Alpha,hCoV-19/USA/MA-NEIDL-00697/2021
bu0849,2021-03-31,2021-03-29,B.1.1.7,Alpha,hCoV-19/USA/MA-NEIDL-00698/2021
bu0850,2021-03-31,2021-03-29,B.1.1.7,Alpha,hCoV-19/USA/MA-NEIDL-00699/2021
bu0851,2021-03-31,2021-03-29,B.1.1.7,Alpha,hCoV-19/USA/MA-NEIDL-00700/2021
bu0852,2021-03-31,2021-03-29,B.1.1.7,Alpha,hCoV-19/USA/MA-NEIDL-00701/2021
bu0853,2021-03-31,2021-03-29,,,
bu0854,2021-04-01,2021-03-29,,,
bu0855,2021-04-01,2021-03-29,,,
bu0856,2021-04-01,2021-03-29,,,
bu0857,2021-04-01,2021-03-29,B.1.1.7,Alpha,hCoV-19/USA/MA-NEIDL-00702/2021
bu0858,2021-04-01,2021-03-29,B.1.1.7,Alpha,hCoV-19/USA/MA-NEIDL-00703/2021
bu0859,2021-04-01,2021-03-29,Q.4,Alpha,hCoV-19/USA/MA-NEIDL-00704/2021
bu0860,2021-04-01,2021-03-29,B.1.575,,hCoV-19/USA/MA-NEIDL-00705/2021
bu0861,2021-04-01,2021-03-29,B.1.526,,hCoV-19/USA/MA-NEIDL-00706/2021
bu0862,2021-04-01,2021-03-29,B.1.575,,hCoV-19/USA/MA-NEIDL-00707/2021
bu0863,2021-04-01,2021-03-29,,,
bu0864,2021-04-01,2021-03-29,P.1,Gamma,hCoV-19/USA/MA-NEIDL-00708/2021
bu0865,2021-04-01,2021-03-29,,,
bu0866,2021-04-01,2021-03-29,,,
bu0867,2021-04-01,2021-03-29,R.1,,hCoV-19/USA/MA-NEIDL-00709/2021
bu0868,2021-04-01,2021-03-29,B.1.575,,hCoV-19/USA/MA-NEIDL-00710/2021
bu0869,2021-04-01,2021-03-29,,,
bu0870,2021-04-01,2021-03-29,B.1.1.7,Alpha,hCoV-19/USA/MA-NEIDL-00711/2021
bu0871,2021-04-01,2021-03-29,B.1.1,,hCoV-19/USA/MA-NEIDL-00712/2021
bu0872,2021-04-01,2021-03-29,P.1,Gamma,hCoV-19/USA/MA-NEIDL-00713/2021
bu0873,2021-04-01,2021-03-29,B.1.1.7,Alpha,hCoV-19/USA/MA-NEIDL-00714/2021
bu0874,2021-04-01,2021-03-29,R.1,,hCoV-19/USA/MA-NEIDL-00715/2021
bu0875,2021-03-01,2021-03-01,B.1.1.7,Alpha,hCoV-19/USA/MA-NEIDL-00716/2021
bu0876,2021-04-01,2021-03-29,B.1.1.7,Alpha,hCoV-19/USA/MA-NEIDL-00717/2021
bu0877,2021-04-02,2021-03-29,B.1.1.7,Alpha,hCoV-19/USA/MA-NEIDL-00718/2021
bu0878,2021-04-02,2021-03-29,B.1.1.7,Alpha,hCoV-19/USA/MA-NEIDL-00719/2021
bu0879,2021-04-02,2021-03-29,P.1,Gamma,hCoV-19/USA/MA-NEIDL-00720/2021
bu0880,2021-04-02,2021-03-29,P.1,Gamma,hCoV-19/USA/MA-NEIDL-00721/2021
bu0881,2021-04-02,2021-03-29,B.1.1.7,Alpha,hCoV-19/USA/MA-NEIDL-00722/2021
bu0882,2021-04-02,2021-03-29,,,
bu0883,2021-04-02,2021-03-29,P.1,Gamma,hCoV-19/USA/MA-NEIDL-00723/2021
bu0884,2021-04-02,2021-03-29,B.1.1.7,Alpha,hCoV-19/USA/MA-NEIDL-00724/2021
bu0885,2021-03-04,2021-03-01,P.1,Gamma,hCoV-19/USA/MA-NEIDL-00725/2021
bu0886,2021-03-04,2021-03-01,,,
bu0887,2021-03-04,2021-03-01,,,
bu0888,2021-04-03,2021-03-29,,,
bu0889,2021-04-03,2021-03-29,B.1.575,,hCoV-19/USA/MA-NEIDL-00726/2021
bu0890,2021-04-03,2021-03-29,B.1.1.7,Alpha,hCoV-19/USA/MA-NEIDL-00727/2021
bu0891,2021-04-03,2021-03-29,,,
bu0892,2021-04-04,2021-03-29,B.1.526,,hCoV-19/USA/MA-NEIDL-00728/2021
bu0893,2021-04-04,2021-03-29,,,
bu0894,2021-04-04,2021-03-29,B.1.1.7,Alpha,hCoV-19/USA/MA-NEIDL-00729/2021
bu0895,2021-01-15,2021-01-11,B.1.429,,hCoV-19/USA/MA-NEIDL-00730/2021
bu0896,2021-01-16,2021-01-11,,,
bu0897,2021-01-17,2021-01-11,B.1.2,,hCoV-19/USA/MA-NEIDL-00731/2021
bu0898,2021-01-18,2021-01-18,B.1.1.7,Alpha,hCoV-19/USA/MA-NEIDL-00732/2021
bu0899,2021-01-16,2021-01-11,,,
bu0900,2021-01-19,2021-01-18,,,
bu0901,2021-01-18,2021-01-18,B.1.409,,hCoV-19/USA/MA-NEIDL-00733/2021
bu0902,2021-01-18,2021-01-18,B.1.427,,hCoV-19/USA/MA-NEIDL-00734/2021
bu0903,2021-01-15,2021-01-11,B.1.240,,hCoV-19/USA/MA-NEIDL-00735/2021
bu0904,2021-01-16,2021-01-11,,,
bu0905,2021-01-17,2021-01-11,,,
bu0906,2021-01-18,2021-01-18,B.1.2,,hCoV-19/USA/MA-NEIDL-00736/2021
bu0907,2021-01-18,2021-01-18,B.1.375,,hCoV-19/USA/MA-NEIDL-00737/2021
bu0908,2021-01-15,2021-01-11,B.1.623,,hCoV-19/USA/MA-NEIDL-00738/2021
bu0909,2021-01-16,2021-01-11,B.1.575,,hCoV-19/USA/MA-NEIDL-00739/2021
bu0910,2021-01-17,2021-01-11,B.1.2,,hCoV-19/USA/MA-NEIDL-00740/2021
bu0911,2021-01-19,2021-01-18,B.1.517,,hCoV-19/USA/MA-NEIDL-00741/2021
bu0912,2021-01-19,2021-01-18,,,
bu0913,2021-01-15,2021-01-11,B.1.2,,hCoV-19/USA/MA-NEIDL-00742/2021
bu0914,2021-01-16,2021-01-11,B.1.2,,hCoV-19/USA/MA-NEIDL-00743/2021
bu0915,2021-01-17,2021-01-11,B.1.240,,hCoV-19/USA/MA-NEIDL-00744/2021
bu0916,2021-01-19,2021-01-18,B.1.2,,hCoV-19/USA/MA-NEIDL-00745/2021
bu0917,2021-01-19,2021-01-18,,,
bu0918,2021-01-16,2021-01-11,B.1.2,,hCoV-19/USA/MA-NEIDL-00746/2021
bu0919,2021-01-16,2021-01-11,,,
bu0920,2021-01-17,2021-01-11,B.1.2,,hCoV-19/USA/MA-NEIDL-00747/2021
bu0921,2021-01-19,2021-01-18,B.1.2,,hCoV-19/USA/MA-NEIDL-00748/2021
bu0922,2021-01-19,2021-01-18,,,
bu0923,2021-01-18,2021-01-18,B.1.2,,hCoV-19/USA/MA-NEIDL-00749/2021
bu0924,2021-01-19,2021-01-18,B.1.1.434,,hCoV-19/USA/MA-NEIDL-00750/2021
bu0925,2021-01-19,2021-01-18,B.1.1.222,,hCoV-19/USA/MA-NEIDL-00751/2021
bu0926,2021-01-20,2021-01-18,B.1.2,,hCoV-19/USA/MA-NEIDL-00752/2021
bu0927,2021-01-21,2021-01-18,,,
bu0928,2021-01-18,2021-01-18,P.2,,hCoV-19/USA/MA-NEIDL-00753/2021
bu0929,2021-01-18,2021-01-18,B.1.2,,hCoV-19/USA/MA-NEIDL-00754/2021
bu0930,2021-01-19,2021-01-18,R.1,,hCoV-19/USA/MA-NEIDL-00755/2021
bu0931,2021-01-19,2021-01-18,,,
bu0932,2021-01-20,2021-01-18,,,hCoV-19/USA/MA-NEIDL-00756/2021
bu0933,2021-01-21,2021-01-18,,,
bu0934,2021-01-18,2021-01-18,B.1.240,,hCoV-19/USA/MA-NEIDL-00757/2021
bu0935,2021-01-18,2021-01-18,B.1.2,,hCoV-19/USA/MA-NEIDL-00758/2021
bu0936,2021-01-19,2021-01-18,B.1.240,,hCoV-19/USA/MA-NEIDL-00759/2021
bu0937,2021-01-20,2021-01-18,B.1.2,,hCoV-19/USA/MA-NEIDL-00760/2021
bu0938,2021-01-20,2021-01-18,,,
bu0939,2021-01-21,2021-01-18,B.1.517,,hCoV-19/USA/MA-NEIDL-00761/2021
bu0940,2021-01-18,2021-01-18,,,
bu0941,2021-01-19,2021-01-18,,,
bu0942,2021-01-19,2021-01-18,B.1.1.304,,hCoV-19/USA/MA-NEIDL-00762/2021
bu0943,2021-01-20,2021-01-18,,,
bu0944,2021-01-20,2021-01-18,B.1.280,,hCoV-19/USA/MA-NEIDL-00763/2021
bu0945,2021-01-21,2021-01-18,,,
bu0946,2021-01-18,2021-01-18,,,
bu0947,2021-01-19,2021-01-18,B.1.1.7,Alpha,hCoV-19/USA/MA-NEIDL-00764/2021
bu0948,2021-01-19,2021-01-18,B.1.2,,hCoV-19/USA/MA-NEIDL-00765/2021
bu0949,2021-01-20,2021-01-18,B.1.517,,hCoV-19/USA/MA-NEIDL-00766/2021
bu0950,2021-01-20,2021-01-18,,,
bu0951,2021-01-21,2021-01-18,B.1.110.3,,hCoV-19/USA/MA-NEIDL-00767/2021
bu0952,2021-01-18,2021-01-18,B.1.234,,hCoV-19/USA/MA-NEIDL-00768/2021
bu0953,2021-01-19,2021-01-18,,,
bu0954,2021-01-19,2021-01-18,,,
bu0955,2021-01-20,2021-01-18,,,
bu0956,2021-01-20,2021-01-18,,,
bu0957,2021-01-20,2021-01-18,,,
bu0958,2021-01-21,2021-01-18,B.1.609,,hCoV-19/USA/MA-NEIDL-00769/2021
bu0959,2021-01-21,2021-01-18,B.1.362,,hCoV-19/USA/MA-NEIDL-00770/2021
bu0960,2021-01-21,2021-01-18,,,
bu0961,2021-01-22,2021-01-18,B.1.2,,hCoV-19/USA/MA-NEIDL-00771/2021
bu0962,2021-01-22,2021-01-18,B.1.2,,hCoV-19/USA/MA-NEIDL-00772/2021
bu0963,2021-01-22,2021-01-18,B.1.2,,hCoV-19/USA/MA-NEIDL-00773/2021
bu0964,2021-01-21,2021-01-18,B.1.2,,hCoV-19/USA/MA-NEIDL-00774/2021
bu0965,2021-01-21,2021-01-18,B.1.2,,hCoV-19/USA/MA-NEIDL-00775/2021
bu0966,2021-01-21,2021-01-18,B.1.480,,hCoV-19/USA/MA-NEIDL-00776/2021
bu0967,2021-01-22,2021-01-18,B.1.596,,hCoV-19/USA/MA-NEIDL-00777/2021
bu0968,2021-01-22,2021-01-18,B.1.1.222,,hCoV-19/USA/MA-NEIDL-00778/2021
bu0969,2021-01-22,2021-01-18,B.1.2,,hCoV-19/USA/MA-NEIDL-00779/2021
bu0970,2021-01-21,2021-01-18,B.1.2,,hCoV-19/USA/MA-NEIDL-00780/2021
bu0971,2021-01-21,2021-01-18,,,
bu0972,2021-01-21,2021-01-18,,,
bu0973,2021-01-22,2021-01-18,,,
bu0974,2021-01-22,2021-01-18,B.1.240,,hCoV-19/USA/MA-NEIDL-00781/2021
bu0975,2021-01-22,2021-01-18,B.1.1.7,Alpha,hCoV-19/USA/MA-NEIDL-00782/2021
bu0976,2021-01-21,2021-01-18,B.1.2,,hCoV-19/USA/MA-NEIDL-00783/2021
bu0977,2021-01-21,2021-01-18,,,
bu0978,2021-01-22,2021-01-18,,,
bu0979,2021-01-22,2021-01-18,B.1.2,,hCoV-19/USA/MA-NEIDL-00784/2021
bu0980,2021-01-22,2021-01-18,B.1.2,,hCoV-19/USA/MA-NEIDL-00785/2021
bu0981,2021-01-22,2021-01-18,,,
bu0982,2021-01-21,2021-01-18,B.1.596,,hCoV-19/USA/MA-NEIDL-00786/2021
bu0983,2021-01-21,2021-01-18,B.1.517,,hCoV-19/USA/MA-NEIDL-00787/2021
bu0984,2021-01-22,2021-01-18,B.1.517,,hCoV-19/USA/MA-NEIDL-00788/2021
bu0985,2021-01-22,2021-01-18,,,
bu0986,2021-01-22,2021-01-18,,,
bu0987,2021-01-21,2021-01-18,,,hCoV-19/USA/MA-NEIDL-00789/2021
bu0988,2021-01-21,2021-01-18,B.1.240,,hCoV-19/USA/MA-NEIDL-00790/2021
bu0989,2021-01-22,2021-01-18,B.1.2,,hCoV-19/USA/MA-NEIDL-00791/2021
bu0990,2021-01-22,2021-01-18,,,
bu0991,2021-04-04,2021-03-29,B.1.575,,hCoV-19/USA/MA-NEIDL-00792/2021
bu0992,2021-04-04,2021-03-29,B.1.575,,hCoV-19/USA/MA-NEIDL-00793/2021
bu0993,2021-04-04,2021-03-29,B.1,,hCoV-19/USA/MA-NEIDL-00794/2021
bu0994,2021-04-04,2021-03-29,B.1.1,,hCoV-19/USA/MA-NEIDL-00795/2021
bu0995,2021-04-05,2021-04-05,B.1,,hCoV-19/USA/MA-NEIDL-00796/2021
bu0996,2021-04-05,2021-04-05,B.1,,hCoV-19/USA/MA-NEIDL-00797/2021
bu0997,2021-04-05,2021-04-05,,,hCoV-19/USA/MA-NEIDL-00798/2021
bu0998,2021-04-05,2021-04-05,B.1.2,,hCoV-19/USA/MA-NEIDL-00799/2021
bu0999,2021-04-05,2021-04-05,B.1.575,,hCoV-19/USA/MA-NEIDL-00800/2021
bu1000,2021-04-05,2021-04-05,B.1.575,,hCoV-19/USA/MA-NEIDL-00801/2021
bu1001,2021-04-05,2021-04-05,B.1.575,,hCoV-19/USA/MA-NEIDL-00802/2021
bu1002,2021-04-05,2021-04-05,P.1,Gamma,hCoV-19/USA/MA-NEIDL-00803/2021
bu1003,2021-04-05,2021-04-05,B.1,,hCoV-19/USA/MA-NEIDL-00804/2021
bu1004,2021-04-05,2021-04-05,B.1,,hCoV-19/USA/MA-NEIDL-00805/2021
bu1005,2021-04-05,2021-04-05,B.1.1,,hCoV-19/USA/MA-NEIDL-00806/2021
bu1006,2021-04-05,2021-04-05,B.1.2,,hCoV-19/USA/MA-NEIDL-00807/2021
bu1007,2021-04-06,2021-04-05,B.1,,hCoV-19/USA/MA-NEIDL-00808/2021
bu1008,2021-04-06,2021-04-05,B.1.575,,hCoV-19/USA/MA-NEIDL-00809/2021
bu1009,2021-04-06,2021-04-05,B.1.575,,hCoV-19/USA/MA-NEIDL-00810/2021
bu1010,2021-04-06,2021-04-05,B.1.575,,hCoV-19/USA/MA-NEIDL-00811/2021
bu1011,2021-04-06,2021-04-05,B.1.1.7,Alpha,hCoV-19/USA/MA-NEIDL-00812/2021
bu1012,2021-04-06,2021-04-05,B.1.1.7,Alpha,hCoV-19/USA/MA-NEIDL-00813/2021
bu1013,2021-04-06,2021-04-05,B.1.2,,hCoV-19/USA/MA-NEIDL-00814/2021
bu1014,2021-04-07,2021-04-05,B.1.2,,hCoV-19/USA/MA-NEIDL-00815/2021
bu1015,2021-04-07,2021-04-05,B.1.526,,hCoV-19/USA/MA-NEIDL-00816/2021
bu1016,2021-04-07,2021-04-05,B.1.526,,hCoV-19/USA/MA-NEIDL-00817/2021
bu1017,2021-04-07,2021-04-05,B.1,,hCoV-19/USA/MA-NEIDL-00818/2021
bu1018,2021-04-07,2021-04-05,B.1.1.7,Alpha,hCoV-19/USA/MA-NEIDL-00819/2021
bu1019,2021-04-08,2021-04-05,B.1.1.7,Alpha,hCoV-19/USA/MA-NEIDL-00820/2021
bu1020,2021-04-08,2021-04-05,B.1.526,,hCoV-19/USA/MA-NEIDL-00821/2021
bu1021,2021-04-08,2021-04-05,B.1.526,,hCoV-19/USA/MA-NEIDL-00822/2021
bu1022,2021-04-09,2021-04-05,B.1.2,,hCoV-19/USA/MA-NEIDL-00823/2021
bu1023,2021-04-09,2021-04-05,B.1.526,,hCoV-19/USA/MA-NEIDL-00824/2021
bu1024,2021-04-09,2021-04-05,B.1.526,,hCoV-19/USA/MA-NEIDL-00825/2021
bu1025,2021-04-09,2021-04-05,B.1.1.7,Alpha,hCoV-19/USA/MA-NEIDL-00826/2021
bu1026,2021-04-09,2021-04-05,B.1.1.7,Alpha,hCoV-19/USA/MA-NEIDL-00827/2021
bu1027,2021-04-09,2021-04-05,,,
bu1028,2021-04-09,2021-04-05,B.1.526,,hCoV-19/USA/MA-NEIDL-00828/2021
bu1029,2021-04-09,2021-04-05,B.1.1.7,Alpha,hCoV-19/USA/MA-NEIDL-00829/2021
bu1030,2021-04-09,2021-04-05,B.1,,hCoV-19/USA/MA-NEIDL-00830/2021
bu1031,2021-04-10,2021-04-05,B.1.1.7,Alpha,hCoV-19/USA/MA-NEIDL-00831/2021
bu1032,2021-04-10,2021-04-05,B.1.1.7,Alpha,hCoV-19/USA/MA-NEIDL-00832/2021
bu1033,2021-04-10,2021-04-05,B.1.1.7,Alpha,hCoV-19/USA/MA-NEIDL-00833/2021
bu1034,2021-04-10,2021-04-05,B.1,,hCoV-19/USA/MA-NEIDL-00834/2021
bu1035,2021-04-11,2021-04-05,B.1.1.7,Alpha,hCoV-19/USA/MA-NEIDL-00835/2021
bu1036,2021-01-22,2021-01-18,,,
bu1037,2021-01-22,2021-01-18,B.1.2,,hCoV-19/USA/MA-NEIDL-00836/2021
bu1038,2021-01-23,2021-01-18,B.1.369,,hCoV-19/USA/MA-NEIDL-00837/2021
bu1039,2021-01-23,2021-01-18,B.1.1.316,,hCoV-19/USA/MA-NEIDL-00838/2021
bu1040,2021-01-23,2021-01-18,B.1.243,,hCoV-19/USA/MA-NEIDL-00839/2021
bu1041,2021-01-23,2021-01-18,B.1.429,,hCoV-19/USA/MA-NEIDL-00840/2021
bu1042,2021-01-24,2021-01-18,B.1.243,,hCoV-19/USA/MA-NEIDL-00841/2021
bu1043,2021-01-24,2021-01-18,,,
bu1044,2021-01-24,2021-01-18,,,
bu1045,2021-01-23,2021-01-18,,,
bu1046,2021-01-24,2021-01-18,,,
bu1047,2021-01-24,2021-01-18,,,
bu1048,2021-01-24,2021-01-18,B.1.243,,hCoV-19/USA/MA-NEIDL-00842/2021
bu1049,2021-01-24,2021-01-18,B.1.2,,hCoV-19/USA/MA-NEIDL-00843/2021
bu1050,2021-01-25,2021-01-25,,,
bu1051,2021-01-23,2021-01-18,B.1.111,,hCoV-19/USA/MA-NEIDL-00844/2021
bu1052,2021-01-24,2021-01-18,B.1.2,,hCoV-19/USA/MA-NEIDL-00845/2021
bu1053,2021-01-24,2021-01-18,B.1.2,,hCoV-19/USA/MA-NEIDL-00846/2021
bu1054,2021-01-24,2021-01-18,B.1.2,,hCoV-19/USA/MA-NEIDL-00847/2021
bu1055,2021-01-24,2021-01-18,,,
bu1056,2021-01-25,2021-01-25,B.1.243,,hCoV-19/USA/MA-NEIDL-00848/2021
bu1057,2021-01-23,2021-01-18,B.1.1.519,,hCoV-19/USA/MA-NEIDL-00849/2021
bu1058,2021-01-24,2021-01-18,B.1.280,,hCoV-19/USA/MA-NEIDL-00850/2021
bu1059,2021-01-24,2021-01-18,B.1.243,,hCoV-19/USA/MA-NEIDL-00851/2021
bu1060,2021-01-24,2021-01-18,B.1.243,,hCoV-19/USA/MA-NEIDL-00852/2021
bu1061,2021-01-24,2021-01-18,,,
bu1062,2021-01-25,2021-01-25,,,hCoV-19/USA/MA-NEIDL-00853/2021
bu1063,2021-01-23,2021-01-18,,,
bu1064,2021-01-24,2021-01-18,,,
bu1065,2021-01-24,2021-01-18,B.1.596,,hCoV-19/USA/MA-NEIDL-00854/2021
bu1066,2021-01-24,2021-01-18,,,
bu1067,2021-01-24,2021-01-18,B.1.240,,hCoV-19/USA/MA-NEIDL-00855/2021
bu1068,2021-01-25,2021-01-25,B.1.243,,hCoV-19/USA/MA-NEIDL-00856/2021
bu1069,2021-01-24,2021-01-18,B.1.243,,hCoV-19/USA/MA-NEIDL-00857/2021
bu1070,2021-01-24,2021-01-18,B.1.311,,hCoV-19/USA/MA-NEIDL-00858/2021
bu1071,2021-01-24,2021-01-18,,,
bu1072,2021-01-24,2021-01-18,B.1.243,,hCoV-19/USA/MA-NEIDL-00859/2021
bu1073,2021-01-24,2021-01-18,B.1.243,,hCoV-19/USA/MA-NEIDL-00860/2021
bu1074,2021-01-25,2021-01-25,,,
bu1075,2021-01-25,2021-01-25,,,
bu1076,2021-01-25,2021-01-25,,,
bu1077,2021-01-25,2021-01-25,,,
bu1078,2021-01-25,2021-01-25,B.1.2,,hCoV-19/USA/MA-NEIDL-00861/2021
bu1079,2021-01-25,2021-01-25,,,
bu1080,2021-01-25,2021-01-25,B.1.243,,hCoV-19/USA/MA-NEIDL-00862/2021
bu1081,2021-01-25,2021-01-25,B.1.280,,hCoV-19/USA/MA-NEIDL-00863/2021
bu1082,2021-01-25,2021-01-25,B.1.2,,hCoV-19/USA/MA-NEIDL-00864/2021
bu1083,2021-01-25,2021-01-25,B.1.280,,hCoV-19/USA/MA-NEIDL-00865/2021
bu1084,2021-01-25,2021-01-25,B.1.2,,hCoV-19/USA/MA-NEIDL-00866/2021
bu1085,2021-01-25,2021-01-25,,,
bu1086,2021-01-25,2021-01-25,B.1.1.434,,hCoV-19/USA/MA-NEIDL-00867/2021
bu1097,2021-04-11,2021-04-05,B.1.1.7,Alpha,hCoV-19/USA/MA-NEIDL-00877/2021
bu1098,2021-04-11,2021-04-05,B.1.1.7,Alpha,hCoV-19/USA/MA-NEIDL-00878/2021
bu1099,2021-04-12,2021-04-12,B.1.526,,hCoV-19/USA/MA-NEIDL-00879/2021
bu1100,2021-04-12,2021-04-12,,,
bu1101,2021-04-12,2021-04-12,B.1.1.7,Alpha,hCoV-19/USA/MA-NEIDL-00880/2021
bu1102,2021-04-12,2021-04-12,,,
bu1103,2021-04-12,2021-04-12,B.1.1.7,Alpha,hCoV-19/USA/MA-NEIDL-00881/2021
bu1104,2021-04-12,2021-04-12,B.1.1.7,Alpha,hCoV-19/USA/MA-NEIDL-00882/2021
bu1105,2021-04-12,2021-04-12,B.1.1.7,Alpha,hCoV-19/USA/MA-NEIDL-00883/2021
bu1106,2021-04-12,2021-04-12,B.1.526,,hCoV-19/USA/MA-NEIDL-00884/2021
bu1107,2021-04-12,2021-04-12,,,
bu1108,2021-04-12,2021-04-12,,,
bu1109,2021-04-12,2021-04-12,B.1.1.7,Alpha,hCoV-19/USA/MA-NEIDL-00885/2021
bu1110,2021-04-13,2021-04-12,B.1.1.7,Alpha,hCoV-19/USA/MA-NEIDL-00886/2021
bu1111,2021-04-13,2021-04-12,,,
bu1112,2021-04-13,2021-04-12,,,hCoV-19/USA/MA-NEIDL-00887/2021
bu1113,2021-04-13,2021-04-12,B.1.1.7,Alpha,hCoV-19/USA/MA-NEIDL-00888/2021
bu1114,2021-04-13,2021-04-12,B.1.1.7,Alpha,hCoV-19/USA/MA-NEIDL-00889/2021
bu1115,2021-04-13,2021-04-12,,,hCoV-19/USA/MA-NEIDL-00890/2021
bu1116,2021-04-13,2021-04-12,B.1.1.7,Alpha,hCoV-19/USA/MA-NEIDL-00891/2021
bu1117,2021-04-13,2021-04-12,B.1.1.7,Alpha,hCoV-19/USA/MA-NEIDL-00892/2021
bu1118,2021-04-13,2021-04-12,B.1.1.7,Alpha,hCoV-19/USA/MA-NEIDL-00893/2021
bu1119,2021-04-13,2021-04-12,B.1.1.7,Alpha,hCoV-19/USA/MA-NEIDL-00894/2021
bu1120,2021-04-14,2021-04-12,B.1.526,,hCoV-19/USA/MA-NEIDL-00895/2021
bu1121,2021-04-14,2021-04-12,B.1.1.7,Alpha,hCoV-19/USA/MA-NEIDL-00896/2021
bu1122,2021-04-14,2021-04-12,B.1.1.7,Alpha,hCoV-19/USA/MA-NEIDL-00897/2021
bu1123,2021-04-14,2021-04-12,B.1.1.7,Alpha,hCoV-19/USA/MA-NEIDL-00898/2021
bu1124,2021-04-14,2021-04-12,B.1.1.7,Alpha,hCoV-19/USA/MA-NEIDL-00899/2021
bu1125,2021-04-14,2021-04-12,B.1.2,,hCoV-19/USA/MA-NEIDL-00900/2021
bu1126,2021-04-14,2021-04-12,,,
bu1127,2021-04-14,2021-04-12,B.1.1.7,Alpha,hCoV-19/USA/MA-NEIDL-00901/2021
bu1128,2021-04-14,2021-04-12,,,hCoV-19/USA/MA-NEIDL-00902/2021
bu1129,2021-04-15,2021-04-12,,,
bu1130,2021-04-15,2021-04-12,B.1.1.7,Alpha,hCoV-19/USA/MA-NEIDL-00903/2021
bu1131,2021-04-15,2021-04-12,B.1.1.7,Alpha,hCoV-19/USA/MA-NEIDL-00904/2021
bu1132,2021-04-14,2021-04-12,B.1.1.7,Alpha,hCoV-19/USA/MA-NEIDL-00905/2021
bu1133,2021-04-15,2021-04-12,B.1.1.7,Alpha,hCoV-19/USA/MA-NEIDL-00906/2021
bu1134,2021-04-15,2021-04-12,B.1.526,,hCoV-19/USA/MA-NEIDL-00907/2021
bu1135,2021-04-16,2021-04-12,B.1.1.7,Alpha,hCoV-19/USA/MA-NEIDL-00908/2021
bu1136,2021-04-16,2021-04-12,,,
bu1137,2021-04-16,2021-04-12,B.1.1.7,Alpha,hCoV-19/USA/MA-NEIDL-00909/2021
bu1138,2021-04-16,2021-04-12,B.1.1.7,Alpha,hCoV-19/USA/MA-NEIDL-00910/2021
bu1139,2021-04-16,2021-04-12,B.1.526,,hCoV-19/USA/MA-NEIDL-00911/2021
bu1140,2021-04-16,2021-04-12,B.1.1.7,Alpha,hCoV-19/USA/MA-NEIDL-00912/2021
bu1141,2021-04-16,2021-04-12,,,
bu1142,2021-04-16,2021-04-12,B.1.1.7,Alpha,hCoV-19/USA/MA-NEIDL-00913/2021
bu1143,2021-04-16,2021-04-12,B.1.1.7,Alpha,hCoV-19/USA/MA-NEIDL-00914/2021
bu1144,2021-04-16,2021-04-12,,,
bu1145,2021-04-16,2021-04-12,,,
bu1146,2021-04-17,2021-04-12,B.1.1.7,Alpha,hCoV-19/USA/MA-NEIDL-00915/2021
bu1147,2021-04-17,2021-04-12,B.1.1.7,Alpha,hCoV-19/USA/MA-NEIDL-00916/2021
bu1148,2021-04-17,2021-04-12,B.1.1.7,Alpha,hCoV-19/USA/MA-NEIDL-00917/2021
bu1149,2021-04-17,2021-04-12,B.1.1.7,Alpha,hCoV-19/USA/MA-NEIDL-00918/2021
bu1150,2021-04-17,2021-04-12,,,
bu1151,2021-04-18,2021-04-12,B.1.2,,hCoV-19/USA/MA-NEIDL-00919/2021
bu1152,2021-04-18,2021-04-12,B.1.1.7,Alpha,hCoV-19/USA/MA-NEIDL-00920/2021
bu1156,2021-04-18,2021-04-12,,,
bu1157,2021-04-19,2021-04-19,B.1.1.7,Alpha,hCoV-19/USA/MA-NEIDL-00923/2021
bu1158,2021-04-19,2021-04-19,B.1.1.7,Alpha,hCoV-19/USA/MA-NEIDL-00924/2021
bu1159,2021-04-19,2021-04-19,B.1.1.7,Alpha,hCoV-19/USA/MA-NEIDL-00925/2021
bu1160,2021-04-19,2021-04-19,B.1.1.7,Alpha,hCoV-19/USA/MA-NEIDL-00926/2021
bu1161,2021-04-19,2021-04-19,B.1.1.7,Alpha,hCoV-19/USA/MA-NEIDL-00927/2021
bu1162,2021-04-19,2021-04-19,B.1.1.7,Alpha,hCoV-19/USA/MA-NEIDL-00928/2021
bu1163,2021-04-19,2021-04-19,B.1.1.7,Alpha,hCoV-19/USA/MA-NEIDL-00929/2021
bu1164,2021-04-19,2021-04-19,B.1.1.7,Alpha,hCoV-19/USA/MA-NEIDL-00930/2021
bu1165,2021-04-19,2021-04-19,B.1.1.7,Alpha,hCoV-19/USA/MA-NEIDL-00931/2021
bu1166,2021-04-20,2021-04-19,B.1.526,,hCoV-19/USA/MA-NEIDL-00932/2021
bu1167,2021-04-20,2021-04-19,B.1.526,,hCoV-19/USA/MA-NEIDL-00933/2021
bu1168,2021-04-21,2021-04-19,P.1.10,Gamma,hCoV-19/USA/MA-NEIDL-00934/2021
bu1169,2021-04-21,2021-04-19,B.1.1.7,Alpha,hCoV-19/USA/MA-NEIDL-00935/2021
bu1170,2021-04-21,2021-04-19,,,
bu1171,2021-04-21,2021-04-19,B.1.1.7,Alpha,hCoV-19/USA/MA-NEIDL-00936/2021
bu1172,2021-04-21,2021-04-19,P.1.13,Gamma,hCoV-19/USA/MA-NEIDL-00937/2021
bu1173,2021-04-21,2021-04-19,B.1.1.7,Alpha,hCoV-19/USA/MA-NEIDL-00938/2021
bu1174,2021-04-22,2021-04-19,B.1.1.7,Alpha,hCoV-19/USA/MA-NEIDL-00939/2021
bu1175,2021-04-22,2021-04-19,B.1.526,,hCoV-19/USA/MA-NEIDL-00940/2021
bu1176,2021-04-22,2021-04-19,P.1.10,Gamma,hCoV-19/USA/MA-NEIDL-00941/2021
bu1177,2021-04-22,2021-04-19,B.1.1.7,Alpha,hCoV-19/USA/MA-NEIDL-00942/2021
bu1178,2021-04-22,2021-04-19,B.1.1.7,Alpha,hCoV-19/USA/MA-NEIDL-00943/2021
bu1179,2021-04-22,2021-04-19,B.1.526,,hCoV-19/USA/MA-NEIDL-00944/2021
bu1180,2021-04-22,2021-04-19,B.1.1.7,Alpha,hCoV-19/USA/MA-NEIDL-00945/2021
bu1181,2021-04-22,2021-04-19,B.1.2,,hCoV-19/USA/MA-NEIDL-00946/2021
bu1182,2021-04-22,2021-04-19,B.1.1.7,Alpha,hCoV-19/USA/MA-NEIDL-00947/2021
bu1183,2021-04-22,2021-04-19,B.1.1.7,Alpha,hCoV-19/USA/MA-NEIDL-00948/2021
bu1184,2021-04-23,2021-04-19,B.1.1.7,Alpha,hCoV-19/USA/MA-NEIDL-00949/2021
bu1185,2021-04-23,2021-04-19,,,
bu1186,2021-04-23,2021-04-19,B.1.1.7,Alpha,hCoV-19/USA/MA-NEIDL-00950/2021
bu1187,2021-04-23,2021-04-19,,,
bu1188,2021-04-23,2021-04-19,B.1.1.7,Alpha,hCoV-19/USA/MA-NEIDL-00951/2021
bu1189,2021-04-23,2021-04-19,B.1.1.7,Alpha,hCoV-19/USA/MA-NEIDL-00952/2021
bu1190,2021-04-23,2021-04-19,,,
bu1191,2021-04-23,2021-04-19,B.1.526,,hCoV-19/USA/MA-NEIDL-00953/2021
bu1192,2021-04-24,2021-04-19,B.1.1.7,Alpha,hCoV-19/USA/MA-NEIDL-00954/2021
bu1193,2021-04-24,2021-04-19,,,
bu1194,2021-04-24,2021-04-19,B.1.1.7,Alpha,hCoV-19/USA/MA-NEIDL-00955/2021
bu1195,2021-04-25,2021-04-19,B.1.1.7,Alpha,hCoV-19/USA/MA-NEIDL-00956/2021
bu1196,2021-04-25,2021-04-19,,,
bu1197,2021-04-25,2021-04-19,P.1.10,Gamma,hCoV-19/USA/MA-NEIDL-00957/2021
bu1198,2021-04-25,2021-04-19,B.1.1.7,Alpha,hCoV-19/USA/MA-NEIDL-00958/2021
bu1199,2021-04-25,2021-04-19,,,
bu1202,2021-04-25,2021-04-19,B.1.1.7,Alpha,hCoV-19/USA/MA-NEIDL-00961/2021
bu1203,2021-04-25,2021-04-19,B.1.1.7,Alpha,hCoV-19/USA/MA-NEIDL-00962/2021
bu1204,2021-04-26,2021-04-26,,,
bu1205,2021-04-26,2021-04-26,B.1.1.7,Alpha,hCoV-19/USA/MA-NEIDL-00963/2021
bu1206,2021-04-26,2021-04-26,,,
bu1207,2021-04-26,2021-04-26,,,
bu1208,2021-04-27,2021-04-26,B.1.1.7,Alpha,hCoV-19/USA/MA-NEIDL-00964/2021
bu1209,2021-04-27,2021-04-26,,,hCoV-19/USA/MA-NEIDL-00965/2021
bu1210,2021-04-27,2021-04-26,P.1,Gamma,hCoV-19/USA/MA-NEIDL-00966/2021
bu1211,2021-04-27,2021-04-26,B.1.1.7,Alpha,hCoV-19/USA/MA-NEIDL-00967/2021
bu1212,2021-04-27,2021-04-26,B.1.1.7,Alpha,hCoV-19/USA/MA-NEIDL-00968/2021
bu1213,2021-04-28,2021-04-26,,,
bu1214,2021-04-28,2021-04-26,B.1.526,,hCoV-19/USA/MA-NEIDL-00969/2021
bu1215,2021-04-30,2021-04-26,,,
bu1216,2021-04-29,2021-04-26,B.1.1.7,Alpha,hCoV-19/USA/MA-NEIDL-00970/2021
bu1217,2021-04-29,2021-04-26,B.1.1.7,Alpha,hCoV-19/USA/MA-NEIDL-00971/2021
bu1218,2021-04-30,2021-04-26,,,
bu1219,2021-04-30,2021-04-26,B.1.1.7,Alpha,hCoV-19/USA/MA-NEIDL-00972/2021
bu1220,2021-05-01,2021-04-26,B.1.526,,hCoV-19/USA/MA-NEIDL-00973/2021
bu1221,2021-05-01,2021-04-26,P.1.13,Gamma,hCoV-19/USA/MA-NEIDL-00974/2021
bu1222,2021-05-01,2021-04-26,,,
bu1223,2021-05-01,2021-04-26,P.1,Gamma,hCoV-19/USA/MA-NEIDL-00975/2021
bu1224,2021-05-01,2021-04-26,,,
bu1225,2021-05-02,2021-04-26,B.1.1.7,Alpha,hCoV-19/USA/MA-NEIDL-00976/2021
bu1226,2021-05-02,2021-04-26,B.1.1.7,Alpha,hCoV-19/USA/MA-NEIDL-00977/2021
bu1227,2021-05-02,2021-04-26,B.1.526,,hCoV-19/USA/MA-NEIDL-00978/2021
bu1228,2021-05-03,2021-05-03,B.1.1.7,Alpha,hCoV-19/USA/MA-NEIDL-00979/2021
bu1229,2021-05-03,2021-05-03,,,
bu1230,2021-05-04,2021-05-03,P.1.13,Gamma,hCoV-19/USA/MA-NEIDL-00980/2021
bu1231,2021-05-04,2021-05-03,B.1.1.7,Alpha,hCoV-19/USA/MA-NEIDL-00981/2021
bu1232,2021-05-04,2021-05-03,,,
bu1233,2021-05-03,2021-05-03,B.1.526,,hCoV-19/USA/MA-NEIDL-00982/2021
bu1234,2021-05-06,2021-05-03,B.1.1.7,Alpha,hCoV-19/USA/MA-NEIDL-00983/2021
bu1235,2021-05-05,2021-05-03,B.1.1.7,Alpha,hCoV-19/USA/MA-NEIDL-00984/2021
bu1236,2021-05-05,2021-05-03,B.1.1.7,Alpha,hCoV-19/USA/MA-NEIDL-00985/2021
bu1237,2021-05-05,2021-05-03,,,
bu1238,2021-05-05,2021-05-03,,,hCoV-19/USA/MA-NEIDL-00986/2021
bu1239,2021-05-06,2021-05-03,,,hCoV-19/USA/MA-NEIDL-00987/2021
bu1240,2021-05-06,2021-05-03,P.1.10,Gamma,hCoV-19/USA/MA-NEIDL-00988/2021
bu1241,2021-05-06,2021-05-03,,,
bu1242,2021-05-04,2021-05-03,,,hCoV-19/USA/MA-NEIDL-00989/2021
bu1243,2021-05-06,2021-05-03,B.1.1.7,Alpha,hCoV-19/USA/MA-NEIDL-00990/2021
bu1244,2021-05-07,2021-05-03,,,
bu1245,2021-05-07,2021-05-03,P.1,Gamma,hCoV-19/USA/MA-NEIDL-00991/2021
bu1246,2021-05-07,2021-05-03,B.1.1.7,Alpha,hCoV-19/USA/MA-NEIDL-00992/2021
bu1247,2021-05-07,2021-05-03,B.1.621.1,,hCoV-19/USA/MA-NEIDL-00993/2021
bu1248,2021-05-07,2021-05-03,P.1,Gamma,hCoV-19/USA/MA-NEIDL-00994/2021
bu1249,2021-05-08,2021-05-03,B.1.617.2,,hCoV-19/USA/MA-NEIDL-00995/2021
bu1250,2021-05-09,2021-05-03,P.1,Gamma,hCoV-19/USA/MA-NEIDL-00996/2021
bu1251,2021-05-10,2021-05-10,,,
bu1252,2021-05-10,2021-05-10,,,
bu1253,2021-05-10,2021-05-10,,,
bu1254,2021-05-10,2021-05-10,,,
bu1255,2021-05-10,2021-05-10,,,
bu1256,2021-05-10,2021-05-10,,,
bu1257,2021-05-10,2021-05-10,AY.39,,hCoV-19/USA/MA-NEIDL-00997/2021
bu1258,2021-05-10,2021-05-10,,,
bu1259,2021-05-10,2021-05-10,,,
bu1260,2021-05-10,2021-05-10,,,
bu1261,2021-05-10,2021-05-10,,,
bu1262,2021-05-11,2021-05-10,,,
bu1263,2021-05-11,2021-05-10,AY.39,,hCoV-19/USA/MA-NEIDL-00998/2021
bu1264,2021-05-12,2021-05-10,B.1.626,,hCoV-19/USA/MA-NEIDL-00999/2021
bu1265,2021-05-13,2021-05-10,B.1.526,,hCoV-19/USA/MA-NEIDL-01000/2021
bu1266,2021-05-13,2021-05-10,,,
bu1267,2021-05-13,2021-05-10,P.1,Gamma,hCoV-19/USA/MA-NEIDL-01001/2021
bu1268,2021-05-14,2021-05-10,,,
bu1269,2021-05-14,2021-05-10,B.1.526,,hCoV-19/USA/MA-NEIDL-01002/2021
bu1270,2021-05-14,2021-05-10,,,
bu1271,2021-05-15,2021-05-10,B.1.1.7,Alpha,hCoV-19/USA/MA-NEIDL-01003/2021
bu1272,2021-05-17,2021-05-17,,,
bu1273,2021-05-18,2021-05-17,,,hCoV-19/USA/MA-NEIDL-01004/2021
bu1274,2021-05-19,2021-05-17,B.1.1.7,Alpha,hCoV-19/USA/MA-NEIDL-01005/2021
bu1275,2021-05-19,2021-05-17,B.1.1.7,Alpha,hCoV-19/USA/MA-NEIDL-01006/2021
bu1276,2021-05-22,2021-05-17,,,
bu1277,2021-05-20,2021-05-17,B.1.1.7,Alpha,hCoV-19/USA/MA-NEIDL-01007/2021
bu1278,2021-05-24,2021-05-24,,,
bu1279,2021-05-25,2021-05-24,,,
bu1280,2021-05-26,2021-05-24,,,
bu1281,2021-05-26,2021-05-24,,,
bu1282,2021-05-26,2021-05-24,,,
bu1283,2021-05-26,2021-05-24,,,