"Barcode","QC.sequencing","QC.clustering","Median.depth","Missing.bases","Coverage.percent"
"bu0002",TRUE,TRUE,5707,267,99.1071129986958
"bu0004",TRUE,TRUE,9464,469,98.4315954920911
"bu0005",TRUE,TRUE,6230,717,97.6022472661606
"bu0006",TRUE,TRUE,9343,110,99.632143932047
"bu0007",TRUE,TRUE,7873,487,98.3714008627897
"bu0009",TRUE,TRUE,5035,611,97.9567267498244
"bu0012",TRUE,TRUE,2187,1440,95.1844296558874
"bu0013",TRUE,TRUE,6944,267,99.1071129986958
"bu0014",TRUE,TRUE,9060,267,99.1071129986958
"bu0016",TRUE,FALSE,100,7239,75.7917265826171
"bu0017",TRUE,TRUE,12137,267,99.1071129986958
"bu0023",TRUE,TRUE,15056,0,100
"bu0024",TRUE,TRUE,8199,267,99.1071129986958
"bu0026",TRUE,TRUE,12376,267,99.1071129986958
"bu0027",TRUE,TRUE,721,2225,92.5592749891315
"bu0028",TRUE,TRUE,11781,293,99.020165200816
"bu0029",TRUE,TRUE,7994,489,98.3647125706451
"bu0030",TRUE,TRUE,4718,267,99.1071129986958
"bu0031",TRUE,TRUE,5154,133,99.555228572384
"bu0032",TRUE,TRUE,3463,505,98.3112062334883
"bu0033",TRUE,TRUE,16493,0,100
"bu0034",TRUE,TRUE,5694,376,98.742601076815
"bu0035",TRUE,TRUE,13119,322,98.9231849647193
"bu0037",TRUE,TRUE,513,4961,83.4096913353175
"bu0041",TRUE,TRUE,11593,5,99.9832792696385
"bu0045",TRUE,TRUE,9279,416,98.608835233923
"bu0047",TRUE,TRUE,10958,0,100
"bu0048",TRUE,TRUE,8600,19,99.9364612246263
"bu0051",TRUE,TRUE,11188,0,100
"bu0053",TRUE,TRUE,7915,0,100
"bu0054",TRUE,TRUE,391,2973,90.0578537270508
"bu0055",TRUE,TRUE,41770,0,100
"bu0056",TRUE,TRUE,720,2712,90.9306758519212
"bu0057",TRUE,TRUE,10397,256,99.1438986054911
"bu0058",TRUE,TRUE,1233,1875,93.7297261144367
"bu0059",TRUE,TRUE,2486,1384,95.3717018359362
"bu0062",TRUE,TRUE,923,4701,84.2791693141156
"bu0063",TRUE,TRUE,8552,501,98.3245828177775
"bu0065",TRUE,TRUE,11362,202,99.3244824933953
"bu0066",TRUE,TRUE,9831,0,100
"bu0067",TRUE,TRUE,10784,0,100
"bu0068",TRUE,TRUE,570,3673,87.7169514764405
"bu0069",TRUE,TRUE,10415,665,97.7761428619202
"bu0071",TRUE,TRUE,8890,184,99.3846771226967
"bu0072",TRUE,TRUE,8683,196,99.3445473698291
"bu0073",TRUE,TRUE,1918,1565,94.7664113968498
"bu0074",TRUE,TRUE,2738,1262,95.7796876567568
"bu0075",TRUE,TRUE,8381,137,99.5418519880948
"bu0076",TRUE,TRUE,8127,268,99.1037688526235
"bu0077",TRUE,TRUE,815,2562,91.4322977627663
"bu0079",TRUE,TRUE,6068,501,98.3245828177775
"bu0081",TRUE,TRUE,235,5796,80.6173293649467
"bu0083",TRUE,TRUE,1366,1533,94.8734240711634
"bu0085",TRUE,TRUE,7219,0,100
"bu0087",TRUE,TRUE,13379,753,97.4818580075578
"bu0089",TRUE,TRUE,8110,0,100
"bu0092",TRUE,TRUE,7046,0,100
"bu0094",TRUE,TRUE,8979,0,100
"bu0095",TRUE,TRUE,9685,0,100
"bu0097",TRUE,TRUE,7747,0,100
"bu0098",TRUE,TRUE,5284,267,99.1071129986958
"bu0099",TRUE,TRUE,439,3089,89.6699327826639
"bu0100",TRUE,TRUE,6318,267,99.1071129986958
"bu0101",TRUE,TRUE,6913,247,99.1739959201418
"bu0102",TRUE,TRUE,5541,505,98.3112062334883
"bu0103",TRUE,TRUE,5300,535,98.2108818513193
"bu0104",TRUE,TRUE,3078,891,97.0203658495803
"bu0105",TRUE,TRUE,6162,267,99.1071129986958
"bu0106",TRUE,TRUE,3503,779,97.394910209678
"bu0107",TRUE,TRUE,271,3791,87.322342239909
"bu0108",TRUE,TRUE,5999,353,98.8195164364779
"bu0109",TRUE,TRUE,7069,265,99.1138012908404
"bu0110",TRUE,TRUE,11284,268,99.1037688526235
"bu0111",TRUE,TRUE,7795,199,99.3345149316122
"bu0112",TRUE,TRUE,6976,267,99.1071129986958
"bu0113",TRUE,TRUE,7112,285,99.0469183693944
"bu0114",TRUE,TRUE,6235,267,99.1071129986958
"bu0115",TRUE,TRUE,5325,267,99.1071129986958
"bu0116",TRUE,TRUE,5396,392,98.6890947396582
"bu0117",TRUE,TRUE,6552,0,100
"bu0118",TRUE,TRUE,3885,511,98.2911413570545
"bu0119",TRUE,TRUE,6687,268,99.1037688526235
"bu0120",TRUE,TRUE,5325,0,100
"bu0121",TRUE,TRUE,6233,0,100
"bu0122",TRUE,TRUE,6283,154,99.4850015048657
"bu0123",TRUE,TRUE,5056,268,99.1037688526235
"bu0124",TRUE,TRUE,6166,5,99.9832792696385
"bu0127",TRUE,TRUE,5889,1,99.9966558539277
"bu0128",TRUE,TRUE,275,3610,87.9276326789954
"bu0129",TRUE,TRUE,5495,535,98.2108818513193
"bu0130",TRUE,TRUE,5368,267,99.1071129986958
"bu0131",TRUE,TRUE,4739,0,100
"bu0132",TRUE,TRUE,7087,69,99.7692539210113
"bu0135",TRUE,TRUE,5291,0,100
"bu0136",TRUE,TRUE,1786,1731,94.2112831488479
"bu0137",TRUE,TRUE,4608,507,98.3045179413437
"bu0138",TRUE,TRUE,5204,305,98.9800354479484
"bu0139",TRUE,TRUE,2897,292,99.0235093468883
"bu0140",TRUE,TRUE,5856,0,100
"bu0142",TRUE,TRUE,4352,771,97.4216633782564
"bu0143",TRUE,TRUE,6173,0,100
"bu0144",TRUE,TRUE,5238,208,99.3044176169615
"bu0145",TRUE,TRUE,5918,111,99.6287997859746
"bu0146",TRUE,TRUE,5840,279,99.0669832458282
"bu0147",TRUE,TRUE,231,3322,88.8907467478179
"bu0148",TRUE,TRUE,5607,266,99.1104571447681
"bu0149",TRUE,TRUE,5443,5,99.9832792696385
"bu0151",TRUE,TRUE,6455,60,99.799351235662
"bu0152",TRUE,TRUE,6566,357,98.8061398521887
"bu0153",TRUE,TRUE,222,3755,87.4427314985119
"bu0154",TRUE,TRUE,1744,1281,95.7161488813831
"bu0156",TRUE,TRUE,3062,1692,94.3417048456677
"bu0157",TRUE,TRUE,7689,0,100
"bu0159",TRUE,TRUE,6206,402,98.6556532789352
"bu0160",TRUE,TRUE,6668,253,99.153931043708
"bu0161",TRUE,TRUE,1592,1671,94.411931913186
"bu0162",TRUE,TRUE,3580,374,98.7492893689596
"bu0163",TRUE,TRUE,4745,1266,95.7663110724676
"bu0164",TRUE,TRUE,2166,1711,94.2781660702939
"bu0165",TRUE,TRUE,6341,268,99.1037688526235
"bu0167",TRUE,TRUE,6793,0,100
"bu0168",TRUE,TRUE,2058,1120,96.2545563990235
"bu0169",TRUE,TRUE,5291,456,98.475069391031
"bu0170",TRUE,TRUE,13887,0,100
"bu0171",TRUE,TRUE,6132,296,99.0101327625991
"bu0172",TRUE,TRUE,5847,268,99.1037688526235
"bu0173",TRUE,TRUE,6982,268,99.1037688526235
"bu0174",TRUE,TRUE,3872,749,97.495234591847
"bu0175",TRUE,TRUE,5102,235,99.2141256730094
"bu0176",TRUE,TRUE,119,5966,80.0488245326556
"bu0177",TRUE,TRUE,5496,501,98.3245828177775
"bu0180",TRUE,TRUE,6376,268,99.1037688526235
"bu0181",TRUE,TRUE,2906,903,96.9802360967127
"bu0183",TRUE,TRUE,1408,1493,95.0071899140554
"bu0184",TRUE,TRUE,6057,103,99.6555529545531
"bu0185",TRUE,TRUE,375,3865,87.0748754305588
"bu0186",TRUE,TRUE,5743,268,99.1037688526235
"bu0188",TRUE,TRUE,7366,266,99.1104571447681
"bu0189",TRUE,TRUE,3133,611,97.9567267498244
"bu0190",TRUE,TRUE,11024,0,100
"bu0191",TRUE,TRUE,3912,357,98.8061398521887
"bu0192",TRUE,TRUE,115073,0,100
"bu0193",TRUE,TRUE,7002,390,98.6957830318028
"bu0194",TRUE,TRUE,16691,266,99.1104571447681
"bu0195",TRUE,TRUE,14233,0,100
"bu0196",TRUE,TRUE,7187,478,98.4014981774404
"bu0197",TRUE,TRUE,7497,416,98.608835233923
"bu0198",TRUE,TRUE,10276,6,99.9799351235662
"bu0199",TRUE,TRUE,14541,46,99.8461692806742
"bu0200",TRUE,TRUE,8698,514,98.2811089188376
"bu0201",TRUE,TRUE,3439,335,98.8797110657793
"bu0202",TRUE,TRUE,9555,265,99.1138012908404
"bu0203",TRUE,TRUE,11209,0,100
"bu0204",TRUE,TRUE,5784,0,100
"bu0205",TRUE,TRUE,10521,325,98.9131525265024
"bu0206",TRUE,TRUE,10912,267,99.1071129986958
"bu0207",TRUE,TRUE,3326,500,98.3279269638498
"bu0208",TRUE,TRUE,12139,0,100
"bu0209",TRUE,TRUE,1189,146,99.5117546734441
"bu0210",TRUE,TRUE,2750,356,98.809483998261
"bu0211",TRUE,TRUE,11802,300,98.9967561783099
"bu0212",TRUE,TRUE,7916,0,100
"bu0213",TRUE,TRUE,3405,854,97.1440992542554
"bu0214",TRUE,TRUE,2449,316,98.9432498411531
"bu0215",TRUE,TRUE,4638,464,98.4483162224526
"bu0216",TRUE,TRUE,9754,498,98.3346152559944
"bu0217",TRUE,TRUE,10761,267,99.1071129986958
"bu0218",TRUE,TRUE,6170,267,99.1071129986958
"bu0219",TRUE,TRUE,3262,1209,95.9569273985888
"bu0220",TRUE,TRUE,6459,26,99.9130522021202
"bu0221",TRUE,TRUE,9906,0,100
"bu0222",TRUE,TRUE,13209,0,100
"bu0224",TRUE,TRUE,11137,0,100
"bu0225",TRUE,TRUE,10770,0,100
"bu0226",TRUE,TRUE,3404,517,98.2710764806207
"bu0227",TRUE,TRUE,12549,0,100
"bu0228",TRUE,TRUE,8537,267,99.1071129986958
"bu0229",TRUE,TRUE,8692,0,100
"bu0230",TRUE,TRUE,10842,0,100
"bu0232",TRUE,TRUE,9570,180,99.3980537069859
"bu0233",TRUE,TRUE,37845,230,99.2308464033709
"bu0234",TRUE,TRUE,5436,253,99.153931043708
"bu0235",TRUE,TRUE,7436,112,99.6254556399024
"bu0236",TRUE,TRUE,8456,0,100
"bu0237",TRUE,TRUE,88224,0,100
"bu0238",TRUE,TRUE,5119,340,98.8629903354178
"bu0239",TRUE,TRUE,8271,267,99.1071129986958
"bu0240",TRUE,TRUE,5025,268,99.1037688526235
"bu0241",TRUE,TRUE,12329,267,99.1071129986958
"bu0242",TRUE,TRUE,10599,0,100
"bu0243",TRUE,TRUE,2449,1472,95.0774169815738
"bu0244",TRUE,TRUE,10319,352,98.8228605825502
"bu0247",TRUE,TRUE,6636,192,99.3579239541183
"bu0248",TRUE,TRUE,9338,0,100
"bu0249",TRUE,TRUE,5955,0,100
"bu0250",TRUE,TRUE,6349,392,98.6890947396582
"bu0252",TRUE,TRUE,5524,415,98.6121793799953
"bu0254",TRUE,TRUE,7015,467,98.4382837842357
"bu0255",TRUE,TRUE,4884,112,99.6254556399024
"bu0256",TRUE,TRUE,6859,1671,94.411931913186
"bu0257",TRUE,TRUE,5209,920,96.9233856134836
"bu0258",TRUE,TRUE,7279,267,99.1071129986958
"bu0259",TRUE,TRUE,3587,1261,95.7830318028291
"bu0262",TRUE,TRUE,709,6370,78.6977895194462
"bu0264",TRUE,TRUE,6879,237,99.2074373808648
"bu0265",TRUE,TRUE,6686,470,98.4282513460188
"bu0266",TRUE,TRUE,4924,1064,96.4418285790723
"bu0267",TRUE,TRUE,6046,206,99.3111059091061
"bu0268",TRUE,TRUE,2935,1706,94.2948868006554
"bu0269",TRUE,TRUE,6026,853,97.1474434003277
"bu0270",TRUE,TRUE,7340,403,98.6523091328629
"bu0271",TRUE,TRUE,5087,310,98.9633147175869
"bu0272",TRUE,TRUE,6624,125,99.5819817409624
"bu0273",TRUE,TRUE,1871,2499,91.6429789653212
"bu0275",TRUE,TRUE,4017,675,97.7427014011972
"bu0276",TRUE,TRUE,4652,416,98.608835233923
"bu0278",TRUE,TRUE,4598,2544,91.4924923920677
"bu0281",TRUE,TRUE,1019,3501,88.2921446008762
"bu0282",TRUE,TRUE,5968,528,98.2342908738254
"bu0283",TRUE,TRUE,5707,25,99.9163963481925
"bu0284",TRUE,TRUE,4804,32,99.8929873256864
"bu0286",TRUE,TRUE,9557,476,98.408186469585
"bu0287",TRUE,TRUE,7441,223,99.254255425877
"bu0289",TRUE,TRUE,6454,267,99.1071129986958
"bu0290",TRUE,TRUE,5707,267,99.1071129986958
"bu0291",TRUE,TRUE,6554,430,98.5620171889108
"bu0292",TRUE,TRUE,5512,1421,95.2479684312611
"bu0293",TRUE,TRUE,7267,226,99.2442229876601
"bu0294",TRUE,TRUE,6039,267,99.1071129986958
"bu0295",TRUE,TRUE,4859,0,100
"bu0297",TRUE,TRUE,8199,267,99.1071129986958
"bu0299",TRUE,TRUE,6478,969,96.7595224559409
"bu0301",TRUE,TRUE,4744,1013,96.6123800287597
"bu0302",TRUE,TRUE,7719,691,97.6891950640404
"bu0305",TRUE,TRUE,7792,577,98.0704277162827
"bu0306",TRUE,TRUE,2892,2367,92.0844062468649
"bu0308",TRUE,TRUE,10304,818,97.2644885128582
"bu0311",TRUE,TRUE,6800,562,98.1205899073671
"bu0312",TRUE,TRUE,4003,279,99.0669832458282
"bu0313",TRUE,TRUE,4883,0,100
"bu0314",TRUE,TRUE,5654,265,99.1138012908404
"bu0315",TRUE,TRUE,3729,0,100
"bu0316",TRUE,TRUE,10150,107,99.6421763702639
"bu0317",TRUE,TRUE,3230,4897,83.6237166839447
"bu0318",TRUE,TRUE,6927,301,98.9934120322376
"bu0319",TRUE,TRUE,4202,43,99.8562017188911
"bu0320",TRUE,TRUE,3721,1463,95.1075142962245
"bu0321",TRUE,TRUE,5820,333,98.8863993579239
"bu0322",TRUE,TRUE,5578,235,99.2141256730094
"bu0323",TRUE,TRUE,4150,307,98.9733471558038
"bu0324",TRUE,TRUE,61515,0,100
"bu0325",TRUE,TRUE,3814,1425,95.2345918469719
"bu0326",TRUE,TRUE,5794,266,99.1104571447681
"bu0327",TRUE,TRUE,2307,304,98.9833795940207
"bu0328",TRUE,TRUE,9219,232,99.2241581112263
"bu0329",TRUE,TRUE,5178,267,99.1071129986958
"bu0330",TRUE,TRUE,3282,1753,94.1377119352573
"bu0332",TRUE,TRUE,4856,919,96.9267297595559
"bu0333",TRUE,TRUE,3514,1751,94.1444002274019
"bu0334",TRUE,TRUE,7323,268,99.1037688526235
"bu0335",TRUE,TRUE,5953,214,99.2843527405277
"bu0336",TRUE,TRUE,6241,256,99.1438986054911
"bu0337",TRUE,TRUE,5208,267,99.1071129986958
"bu0338",TRUE,TRUE,4315,294,99.0168210547437
"bu0339",TRUE,TRUE,4201,267,99.1071129986958
"bu0340",TRUE,TRUE,6754,0,100
"bu0341",TRUE,TRUE,5510,267,99.1071129986958
"bu0342",TRUE,TRUE,15680,0,100
"bu0343",TRUE,TRUE,5527,0,100
"bu0344",TRUE,TRUE,11687,0,100
"bu0345",TRUE,TRUE,4696,167,99.4415276059258
"bu0346",TRUE,TRUE,7083,0,100
"bu0347",TRUE,TRUE,4900,469,98.4315954920911
"bu0348",TRUE,TRUE,6507,267,99.1071129986958
"bu0349",TRUE,TRUE,5291,267,99.1071129986958
"bu0350",TRUE,TRUE,7706,267,99.1071129986958
"bu0351",TRUE,TRUE,2267,0,100
"bu0352",TRUE,TRUE,5701,266,99.1104571447681
"bu0353",TRUE,TRUE,3746,1113,96.2779654215296
"bu0354",TRUE,TRUE,5006,776,97.4049426478949
"bu0355",TRUE,TRUE,3594,1561,94.779787981139
"bu0356",TRUE,TRUE,1909,420,98.5954586496338
"bu0357",TRUE,TRUE,5632,0,100
"bu0358",TRUE,TRUE,5865,956,96.8029963548808
"bu0359",TRUE,TRUE,2402,6069,79.7043774872086
"bu0360",TRUE,TRUE,6580,0,100
"bu0361",TRUE,TRUE,4375,697,97.6691301876066
"bu0362",TRUE,TRUE,7933,267,99.1071129986958
"bu0363",TRUE,TRUE,4496,507,98.3045179413437
"bu0364",TRUE,TRUE,4761,689,97.695883356185
"bu0365",TRUE,TRUE,5544,470,98.4282513460188
"bu0366",TRUE,TRUE,2893,2813,90.5929170986189
"bu0367",TRUE,TRUE,5380,275,99.0803598301174
"bu0368",TRUE,TRUE,6501,267,99.1071129986958
"bu0369",TRUE,TRUE,4876,267,99.1071129986958
"bu0370",TRUE,TRUE,8716,267,99.1071129986958
"bu0371",TRUE,TRUE,4452,1433,95.2078386783935
"bu0372",TRUE,TRUE,4855,762,97.4517606929071
"bu0373",TRUE,TRUE,3458,1401,95.3148513527071
"bu0374",TRUE,TRUE,507,6557,78.072434203926
"bu0375",TRUE,TRUE,4104,2068,93.0843059224827
"bu0376",TRUE,TRUE,7097,267,99.1071129986958
"bu0377",TRUE,TRUE,5309,267,99.1071129986958
"bu0378",TRUE,TRUE,6154,267,99.1071129986958
"bu0379",TRUE,TRUE,1303,2820,90.5695080761128
"bu0380",TRUE,TRUE,5640,1247,95.8298498478414
"bu0381",TRUE,TRUE,2609,2218,92.5826840116376
"bu0382",TRUE,TRUE,6904,32,99.8929873256864
"bu0383",TRUE,TRUE,4176,1506,94.9637160151155
"bu0384",TRUE,TRUE,5705,224,99.2509112798047
"bu0385",TRUE,TRUE,4418,20,99.933117078554
"bu0386",TRUE,TRUE,7635,24,99.9197404942648
"bu0387",TRUE,TRUE,3492,1176,96.0672842189747
"bu0388",TRUE,TRUE,4932,12,99.9598702471324
"bu0389",TRUE,TRUE,5308,748,97.4985787379193
"bu0390",TRUE,TRUE,3490,1709,94.2848543624386
"bu0391",TRUE,TRUE,1516,3393,88.6533123766846
"bu0392",TRUE,TRUE,4509,443,98.5185432899709
"bu0393",TRUE,TRUE,4931,709,97.629000434739
"bu0394",TRUE,TRUE,5003,713,97.6156238504498
"bu0395",TRUE,TRUE,5269,494,98.3479918402836
"bu0396",TRUE,TRUE,7121,267,99.1071129986958
"bu0397",TRUE,TRUE,4203,514,98.2811089188376
"bu0398",TRUE,TRUE,6762,0,100
"bu0399",TRUE,TRUE,4023,1262,95.7796876567568
"bu0400",TRUE,TRUE,7680,269,99.1004247065512
"bu0401",TRUE,TRUE,3851,682,97.7192923786911
"bu0402",TRUE,TRUE,2214,3806,87.2721800488245
"bu0403",TRUE,TRUE,3174,1305,95.6358893756479
"bu0405",TRUE,TRUE,3174,4574,84.7038758652978
"bu0406",TRUE,TRUE,3419,1257,95.7964083871183
"bu0407",TRUE,TRUE,3426,1018,96.5956592983982
"bu0409",TRUE,TRUE,5854,130,99.5652610106009
"bu0410",TRUE,TRUE,7021,1161,96.1174464100592
"bu0411",TRUE,TRUE,5548,638,97.8664348058723
"bu0412",TRUE,TRUE,6410,1343,95.5088118249005
"bu0413",TRUE,TRUE,3283,1299,95.6559542520817
"bu0414",TRUE,TRUE,5234,267,99.1071129986958
"bu0415",TRUE,TRUE,6905,274,99.0837039761897
"bu0416",TRUE,TRUE,12717,332,98.8897435039963
"bu0417",TRUE,TRUE,8519,6,99.9799351235662
"bu0423",TRUE,TRUE,7084,266,99.1104571447681
"bu0424",TRUE,TRUE,5713,1281,95.7161488813831
"bu0426",TRUE,TRUE,7377,267,99.1071129986958
"bu0427",TRUE,TRUE,3591,267,99.1071129986958
"bu0428",TRUE,TRUE,6210,650,97.8263050530047
"bu0429",TRUE,TRUE,4364,85,99.7157475838545
"bu0430",TRUE,TRUE,4854,944,96.8431261077484
"bu0431",TRUE,TRUE,6352,312,98.9566264254423
"bu0432",TRUE,TRUE,29031,0,100
"bu0433",TRUE,TRUE,10222,729,97.562117513293
"bu0434",TRUE,TRUE,5271,267,99.1071129986958
"bu0435",TRUE,TRUE,6284,1376,95.3984550045146
"bu0436",TRUE,TRUE,6941,909,96.9601712202789
"bu0438",TRUE,TRUE,7757,987,96.6993278266395
"bu0439",TRUE,TRUE,6146,0,100
"bu0440",TRUE,TRUE,7086,540,98.1941611209578
"bu0441",TRUE,TRUE,7362,702,97.6524094572451
"bu0442",TRUE,TRUE,6664,1251,95.8164732635522
"bu0445",TRUE,TRUE,4430,1299,95.6559542520817
"bu0446",TRUE,TRUE,4149,2047,93.154532990001
"bu0447",TRUE,TRUE,4988,750,97.4918904457747
"bu0448",TRUE,TRUE,5647,267,99.1071129986958
"bu0449",TRUE,TRUE,6511,267,99.1071129986958
"bu0450",TRUE,TRUE,8129,1067,96.4317961408554
"bu0451",TRUE,TRUE,2759,0,100
"bu0453",TRUE,TRUE,4174,193,99.354579808046
"bu0454",TRUE,TRUE,1113,694,97.6791626258235
"bu0455",TRUE,TRUE,6431,267,99.1071129986958
"bu0456",TRUE,TRUE,7075,1448,95.157676487309
"bu0457",TRUE,TRUE,7729,880,97.0571514563756
"bu0458",TRUE,TRUE,7212,267,99.1071129986958
"bu0460",TRUE,TRUE,4030,1546,94.8299501722235
"bu0463",TRUE,TRUE,7258,284,99.0502625154667
"bu0464",TRUE,TRUE,7565,3447,88.4727284887804
"bu0465",TRUE,TRUE,8714,1073,96.4117312644216
"bu0466",TRUE,TRUE,12734,824,97.2444236364244
"bu0467",TRUE,TRUE,4583,1305,95.6358893756479
"bu0469",TRUE,TRUE,2186,887,97.0337424338695
"bu0470",TRUE,TRUE,2288,394,98.6824064475136
"bu0471",TRUE,TRUE,7604,360,98.7961074139718
"bu0472",TRUE,TRUE,6367,1001,96.6525097816273
"bu0473",TRUE,TRUE,4862,740,97.5253319064977
"bu0474",TRUE,TRUE,2567,3190,89.3321740293616
"bu0475",TRUE,TRUE,2761,86,99.7124034377822
"bu0476",TRUE,TRUE,7417,32,99.8929873256864
"bu0477",TRUE,TRUE,4035,1216,95.9335183760827
"bu0478",TRUE,TRUE,591,3759,87.4293549142227
"bu0479",TRUE,TRUE,35640,62,99.7926629435174
"bu0480",TRUE,TRUE,21887,488,98.3680567167174
"bu0481",TRUE,TRUE,2710,2569,91.4088887402602
"bu0483",TRUE,TRUE,1195,2269,92.4121325619503
"bu0484",TRUE,TRUE,24180,484,98.3814333010066
"bu0485",TRUE,TRUE,37227,0,100
"bu0487",TRUE,TRUE,22965,260,99.1305220212019
"bu0488",TRUE,TRUE,5150,909,96.9601712202789
"bu0489",TRUE,TRUE,3302,295,99.0134769086714
"bu0490",TRUE,TRUE,584,4136,86.1686118449654
"bu0491",TRUE,TRUE,33201,140,99.5318195498779
"bu0492",TRUE,TRUE,27810,254,99.1505868976357
"bu0493",TRUE,TRUE,21977,91,99.6956827074207
"bu0494",TRUE,TRUE,20828,73,99.7558773367221
"bu0495",TRUE,TRUE,46905,175,99.4147744373474
"bu0496",TRUE,TRUE,34139,175,99.4147744373474
"bu0497",TRUE,TRUE,36484,0,100
"bu0498",TRUE,TRUE,10421,516,98.274420626693
"bu0499",TRUE,TRUE,13635,398,98.6690298632244
"bu0500",TRUE,TRUE,4111,860,97.1240343778216
"bu0501",TRUE,TRUE,28732,0,100
"bu0502",TRUE,TRUE,10605,453,98.4851018292479
"bu0503",TRUE,TRUE,27677,262,99.1238337290573
"bu0504",TRUE,TRUE,819,2729,90.8738253686921
"bu0505",TRUE,TRUE,162,6755,77.4102932816105
"bu0508",TRUE,TRUE,340,5513,81.5637227034077
"bu0509",TRUE,TRUE,16040,100,99.66558539277
"bu0510",TRUE,TRUE,338,3946,86.8039995987025
"bu0511",TRUE,TRUE,32093,0,100
"bu0512",TRUE,TRUE,6200,893,97.0136775574357
"bu0513",TRUE,TRUE,9693,0,100
"bu0514",TRUE,TRUE,23554,0,100
"bu0517",TRUE,TRUE,29243,8,99.9732468314216
"bu0519",TRUE,TRUE,21495,411,98.6255559642845
"bu0520",TRUE,TRUE,23441,0,100
"bu0523",TRUE,TRUE,13788,408,98.6355884025014
"bu0524",TRUE,TRUE,398,4285,85.6703340801926
"bu0525",TRUE,TRUE,2679,698,97.6657860415343
"bu0526",TRUE,TRUE,13133,462,98.4550045145972
"bu0527",TRUE,TRUE,34242,6,99.9799351235662
"bu0529",TRUE,TRUE,20605,0,100
"bu0531",TRUE,TRUE,6972,575,98.0771160084273
"bu0532",TRUE,TRUE,29671,0,100
"bu0534",TRUE,TRUE,2726,649,97.829649199077
"bu0536",TRUE,TRUE,19656,90,99.699026853493
"bu0537",TRUE,TRUE,849,2606,91.2851553355851
"bu0538",TRUE,TRUE,27659,272,99.0903922683343
"bu0539",TRUE,TRUE,24132,52,99.8261044042404
"bu0540",TRUE,TRUE,17046,10,99.966558539277
"bu0547",TRUE,TRUE,1686,1450,95.1509881951644
"bu0548",TRUE,TRUE,129,6423,78.5205497776143
"bu0550",TRUE,TRUE,395,4094,86.309065980002
"bu0552",TRUE,TRUE,1638,1985,93.3618700464836
"bu0555",TRUE,TRUE,23916,282,99.0569508076113
"bu0556",TRUE,TRUE,21983,274,99.0837039761897
"bu0557",TRUE,TRUE,32258,247,99.1739959201418
"bu0559",TRUE,TRUE,51626,0,100
"bu0560",TRUE,TRUE,19010,252,99.1572751897803
"bu0563",TRUE,FALSE,77,7388,75.2934488178444
"bu0565",TRUE,TRUE,646,2977,90.0444771427616
"bu0566",TRUE,TRUE,11526,800,97.3246831421596
"bu0567",TRUE,FALSE,91,7637,74.4607564458416
"bu0568",TRUE,TRUE,49133,0,100
"bu0571",TRUE,TRUE,14715,271,99.0937364144066
"bu0575",TRUE,TRUE,20999,289,99.0335417851052
"bu0576",TRUE,TRUE,3433,1570,94.7496906664883
"bu0577",TRUE,TRUE,7018,553,98.1506872220179
"bu0578",TRUE,TRUE,2269,1984,93.3652141925559
"bu0579",TRUE,TRUE,16618,633,97.8831555362338
"bu0582",TRUE,TRUE,69196,0,100
"bu0583",TRUE,TRUE,44157,0,100
"bu0584",TRUE,TRUE,5444,123,99.5886700331071
"bu0585",TRUE,TRUE,29617,46,99.8461692806742
"bu0586",TRUE,TRUE,759,4073,86.3792930475203
"bu0588",TRUE,TRUE,3493,550,98.1607196602348
"bu0590",TRUE,TRUE,5835,592,98.0202655251981
"bu0591",TRUE,TRUE,2719,923,96.9133531752667
"bu0592",TRUE,TRUE,1559,2510,91.6061933585259
"bu0593",TRUE,TRUE,38333,17,99.9431495167709
"bu0594",TRUE,TRUE,26701,0,100
"bu0595",TRUE,TRUE,111,6479,78.3332775975655
"bu0596",TRUE,TRUE,8334,78,99.7391566063606
"bu0597",TRUE,TRUE,1096,3806,87.2721800488245
"bu0598",TRUE,TRUE,1805,2313,92.2649901347691
"bu0599",TRUE,TRUE,20958,96,99.6789619770592
"bu0601",TRUE,TRUE,1429,3808,87.2654917566799
"bu0602",TRUE,TRUE,1142,2778,90.7099622111494
"bu0603",TRUE,TRUE,2673,680,97.7259806708357
"bu0604",TRUE,TRUE,6262,286,99.0435742233221
"bu0606",TRUE,TRUE,291,5638,81.1457044443701
"bu0607",TRUE,TRUE,2536,2952,90.1280807945691
"bu0608",TRUE,TRUE,18969,11,99.9632143932047
"bu0609",TRUE,TRUE,7902,737,97.5353643447146
"bu0610",TRUE,TRUE,14895,274,99.0837039761897
"bu0611",TRUE,TRUE,13298,312,98.9566264254423
"bu0613",TRUE,TRUE,4974,1576,94.7296257900545
"bu0614",TRUE,TRUE,21661,149,99.5017222352272
"bu0615",TRUE,TRUE,13573,326,98.9098083804301
"bu0616",TRUE,TRUE,13731,540,98.1941611209578
"bu0618",TRUE,FALSE,199,7244,75.7750058522556
"bu0619",TRUE,TRUE,32013,89,99.7023709995653
"bu0620",TRUE,TRUE,17617,254,99.1505868976357
"bu0621",TRUE,TRUE,657,4722,84.2089422465973
"bu0622",TRUE,TRUE,3313,1651,94.478814834632
"bu0623",TRUE,TRUE,25531,399,98.6656857171521
"bu0624",TRUE,TRUE,24619,0,100
"bu0625",TRUE,TRUE,39957,0,100
"bu0626",TRUE,TRUE,2211,2604,91.2918436277297
"bu0628",TRUE,TRUE,13308,548,98.1674079523794
"bu0629",TRUE,TRUE,16417,233,99.220813965154
"bu0631",TRUE,TRUE,2328,2789,90.6731766043541
"bu0632",TRUE,TRUE,831,3148,89.4726281643982
"bu0634",TRUE,TRUE,15228,647,97.8363374912216
"bu0635",TRUE,TRUE,1924,2223,92.5659632812761
"bu0636",TRUE,TRUE,27029,0,100
"bu0637",TRUE,TRUE,24517,12,99.9598702471324
"bu0638",TRUE,TRUE,27359,0,100
"bu0639",TRUE,TRUE,18039,271,99.0937364144066
"bu0642",TRUE,TRUE,6020,70,99.765909774939
"bu0643",TRUE,TRUE,2683,1475,95.0673845433569
"bu0644",TRUE,TRUE,20973,15,99.9498378089155
"bu0645",TRUE,TRUE,1303,3134,89.5194462094104
"bu0646",TRUE,TRUE,26644,0,100
"bu0647",TRUE,TRUE,14731,0,100
"bu0649",TRUE,TRUE,1472,2743,90.8270073236799
"bu0650",TRUE,TRUE,7311,1267,95.7629669263954
"bu0651",TRUE,TRUE,22745,85,99.7157475838545
"bu0652",TRUE,TRUE,901,4225,85.8709828445306
"bu0653",TRUE,TRUE,7087,1042,96.5153997926629
"bu0655",TRUE,TRUE,8013,1328,95.558974015985
"bu0656",TRUE,TRUE,41765,0,100
"bu0657",TRUE,TRUE,5166,467,98.4382837842357
"bu0658",TRUE,TRUE,23171,131,99.5619168645286
"bu0660",TRUE,TRUE,241,6533,78.1526937096612
"bu0661",TRUE,TRUE,7474,1668,94.4219643514029
"bu0662",TRUE,TRUE,3362,1811,93.9437514630639
"bu0663",TRUE,TRUE,11157,522,98.2543557502592
"bu0664",TRUE,TRUE,21862,270,99.0970805604789
"bu0665",TRUE,TRUE,7519,861,97.1206902317493
"bu0666",TRUE,TRUE,1646,2326,92.2215162358292
"bu0667",TRUE,TRUE,13359,160,99.4649366284319
"bu0669",TRUE,TRUE,514,3337,88.8405845567334
"bu0670",TRUE,TRUE,26458,0,100
"bu0671",TRUE,TRUE,10469,0,100
"bu0672",TRUE,TRUE,17015,273,99.087048122262
"bu0673",TRUE,TRUE,1041,3100,89.6331471758686
"bu0674",TRUE,TRUE,32806,0,100
"bu0675",TRUE,TRUE,33034,0,100
"bu0676",TRUE,TRUE,31700,0,100
"bu0677",TRUE,TRUE,29719,0,100
"bu0678",TRUE,TRUE,2463,2848,90.4758719860884
"bu0679",TRUE,TRUE,6223,1563,94.7730996889944
"bu0680",TRUE,TRUE,4989,905,96.9735478045681
"bu0682",TRUE,TRUE,2791,1747,94.1577768116911
"bu0683",TRUE,TRUE,6769,1278,95.7261813196
"bu0684",TRUE,TRUE,568,4613,84.5734541684781
"bu0685",TRUE,TRUE,31558,0,100
"bu0686",TRUE,TRUE,2382,1303,95.6425776677925
"bu0687",TRUE,TRUE,860,3236,89.1783433100358
"bu0688",TRUE,TRUE,2630,975,96.7394575795071
"bu0689",TRUE,TRUE,1355,3790,87.3256863859813
"bu0690",TRUE,TRUE,7266,267,99.1071129986958
"bu0692",TRUE,TRUE,5281,208,99.3044176169615
"bu0693",TRUE,TRUE,9099,374,98.7492893689596
"bu0694",TRUE,TRUE,15032,213,99.2876968866
"bu0696",TRUE,TRUE,3530,1281,95.7161488813831
"bu0697",TRUE,TRUE,6814,722,97.5855265357991
"bu0698",TRUE,TRUE,1837,1278,95.7261813196
"bu0700",TRUE,TRUE,2659,987,96.6993278266395
"bu0701",TRUE,TRUE,2775,815,97.2745209510751
"bu0702",TRUE,TRUE,2118,1507,94.9603718690432
"bu0703",TRUE,TRUE,328,5286,82.3228438618199
"bu0705",TRUE,TRUE,6213,730,97.5587733672207
"bu0706",TRUE,TRUE,23460,0,100
"bu0707",TRUE,TRUE,10568,135,99.5485402802394
"bu0710",TRUE,TRUE,20004,0,100
"bu0711",TRUE,TRUE,635,2908,90.2752232217503
"bu0712",TRUE,TRUE,15915,121,99.5953583252517
"bu0713",TRUE,TRUE,17486,0,100
"bu0714",TRUE,TRUE,26093,4,99.9866234157108
"bu0715",TRUE,TRUE,9332,292,99.0235093468883
"bu0716",TRUE,TRUE,157,4192,85.9813396649166
"bu0717",TRUE,TRUE,4924,441,98.5252315821155
"bu0719",TRUE,TRUE,876,2534,91.5259338527907
"bu0720",TRUE,TRUE,17541,0,100
"bu0721",TRUE,TRUE,25318,0,100
"bu0722",TRUE,TRUE,12889,151,99.4950339430826
"bu0723",TRUE,TRUE,3799,3746,87.4728288131626
"bu0725",TRUE,TRUE,22216,0,100
"bu0726",TRUE,TRUE,605,3189,89.3355181754339
"bu0727",TRUE,TRUE,1782,1368,95.425208173093
"bu0728",TRUE,TRUE,22626,0,100
"bu0729",TRUE,TRUE,14027,2,99.9933117078554
"bu0730",TRUE,TRUE,17339,0,100
"bu0731",TRUE,TRUE,603,3695,87.6433802628499
"bu0732",TRUE,TRUE,834,1865,93.7631675751597
"bu0733",TRUE,TRUE,3471,819,97.2611443667859
"bu0734",TRUE,TRUE,1394,1609,94.6192689696686
"bu0735",TRUE,TRUE,313,4145,86.1385145303147
"bu0736",TRUE,TRUE,8832,487,98.3714008627897
"bu0737",TRUE,TRUE,3899,681,97.7226365247634
"bu0739",TRUE,TRUE,7284,493,98.3513359863559
"bu0740",TRUE,TRUE,43868,0,100
"bu0741",TRUE,TRUE,13795,254,99.1505868976357
"bu0742",TRUE,TRUE,30626,0,100
"bu0743",TRUE,TRUE,14125,387,98.7058154700197
"bu0744",TRUE,TRUE,6745,607,97.9701033341136
"bu0745",TRUE,TRUE,1716,1549,94.8199177340066
"bu0746",TRUE,TRUE,24035,0,100
"bu0747",TRUE,TRUE,32578,0,100
"bu0748",TRUE,TRUE,300,4337,85.496438484433
"bu0749",TRUE,TRUE,23554,0,100
"bu0750",TRUE,TRUE,19151,0,100
"bu0752",TRUE,TRUE,1880,1129,96.2244590843728
"bu0753",TRUE,TRUE,14499,132,99.5585727184563
"bu0754",TRUE,TRUE,15907,259,99.1338661672742
"bu0756",TRUE,TRUE,6288,456,98.475069391031
"bu0757",TRUE,TRUE,11327,513,98.2844530649099
"bu0758",TRUE,TRUE,19803,277,99.0736715379728
"bu0759",TRUE,TRUE,11007,277,99.0736715379728
"bu0761",TRUE,TRUE,18489,0,100
"bu0762",TRUE,TRUE,9550,67,99.7759422131559
"bu0763",TRUE,TRUE,1186,2289,92.3452496405043
"bu0764",TRUE,TRUE,20441,135,99.5485402802394
"bu0765",TRUE,TRUE,1268,2407,91.9506404039728
"bu0766",TRUE,TRUE,13892,15,99.9498378089155
"bu0767",TRUE,TRUE,26984,0,100
"bu0768",TRUE,TRUE,231,5308,82.2492726482293
"bu0769",TRUE,TRUE,18367,6,99.9799351235662
"bu0771",TRUE,TRUE,1053,2018,93.2515132260977
"bu0772",TRUE,TRUE,7115,56,99.8127278199512
"bu0773",TRUE,TRUE,17495,53,99.8227602581681
"bu0774",TRUE,TRUE,17009,0,100
"bu0775",TRUE,TRUE,24771,0,100
"bu0776",TRUE,TRUE,37814,0,100
"bu0777",TRUE,TRUE,36731,0,100
"bu0778",TRUE,TRUE,10518,323,98.919840818647
"bu0779",TRUE,TRUE,3102,1998,93.3183961475437
"bu0780",TRUE,TRUE,4251,909,96.9601712202789
"bu0781",TRUE,TRUE,30148,0,100
"bu0782",TRUE,TRUE,5201,1023,96.5789385680366
"bu0783",TRUE,TRUE,10406,487,98.3714008627897
"bu0784",TRUE,TRUE,155,5925,80.1859345216199
"bu0785",TRUE,TRUE,21463,0,100
"bu0786",TRUE,TRUE,19785,0,100
"bu0788",TRUE,TRUE,11750,69,99.7692539210113
"bu0789",TRUE,TRUE,3897,1843,93.8367387887503
"bu0790",TRUE,FALSE,89,8115,72.8622546232819
"bu0791",TRUE,TRUE,25171,0,100
"bu0793",TRUE,TRUE,19104,12,99.9598702471324
"bu0794",TRUE,TRUE,28307,0,100
"bu0795",TRUE,TRUE,17785,77,99.7425007524329
"bu0797",TRUE,TRUE,21987,0,100
"bu0798",TRUE,TRUE,19974,1,99.9966558539277
"bu0799",TRUE,TRUE,41691,0,100
"bu0800",TRUE,TRUE,1659,1123,96.2445239608066
"bu0801",TRUE,TRUE,27240,320,98.9298732568639
"bu0802",TRUE,TRUE,341,4106,86.2689362271344
"bu0803",TRUE,TRUE,24944,0,100
"bu0806",TRUE,TRUE,5680,709,97.629000434739
"bu0807",TRUE,TRUE,702,2603,91.295187773802
"bu0808",TRUE,TRUE,34382,190,99.3646122462629
"bu0809",TRUE,TRUE,2355,636,97.8731230980169
"bu0810",TRUE,TRUE,17411,8,99.9732468314216
"bu0811",TRUE,TRUE,8360,393,98.6857505935859
"bu0816",TRUE,TRUE,22630,0,100
"bu0818",TRUE,TRUE,12597,352,98.8228605825502
"bu0819",TRUE,TRUE,9957,145,99.5150988195164
"bu0820",TRUE,TRUE,38122,0,100
"bu0821",TRUE,TRUE,32440,0,100
"bu0822",TRUE,TRUE,28528,0,100
"bu0823",TRUE,TRUE,3788,638,97.8664348058723
"bu0824",TRUE,TRUE,684,3313,88.9208440624686
"bu0825",TRUE,TRUE,24523,0,100
"bu0827",TRUE,TRUE,67772,0,100
"bu0828",TRUE,TRUE,5163,278,99.0703273919005
"bu0830",TRUE,TRUE,7403,399,98.6656857171521
"bu0832",TRUE,TRUE,1253,3901,86.954486171956
"bu0834",TRUE,TRUE,6636,0,100
"bu0838",TRUE,TRUE,1111,3819,87.2287061498846
"bu0839",TRUE,TRUE,1058,3651,87.7905226900311
"bu0840",TRUE,TRUE,4638,860,97.1240343778216
"bu0841",TRUE,TRUE,5335,706,97.6390328729559
"bu0842",TRUE,TRUE,3258,1437,95.1944620941043
"bu0843",TRUE,TRUE,969,2748,90.8102865933184
"bu0847",TRUE,TRUE,6537,417,98.6054910878507
"bu0848",TRUE,TRUE,6628,435,98.5452964585493
"bu0849",TRUE,TRUE,5310,151,99.4950339430826
"bu0850",TRUE,TRUE,11044,225,99.2475671337324
"bu0851",TRUE,TRUE,2889,1560,94.7831321272113
"bu0852",TRUE,TRUE,5618,190,99.3646122462629
"bu0857",TRUE,TRUE,6588,0,100
"bu0858",TRUE,TRUE,7697,0,100
"bu0859",TRUE,TRUE,2826,1595,94.6660870146808
"bu0860",TRUE,TRUE,4617,207,99.3077617630338
"bu0861",TRUE,TRUE,5592,0,100
"bu0862",TRUE,TRUE,6336,712,97.6189679965221
"bu0864",TRUE,TRUE,4110,1919,93.5825836872555
"bu0867",TRUE,TRUE,1393,2383,92.0308999097081
"bu0868",TRUE,FALSE,172,7587,74.6279637494566
"bu0870",TRUE,TRUE,10002,0,100
"bu0871",TRUE,TRUE,4436,507,98.3045179413437
"bu0872",TRUE,TRUE,6415,0,100
"bu0873",TRUE,TRUE,7396,267,99.1071129986958
"bu0874",TRUE,TRUE,4269,489,98.3647125706451
"bu0875",TRUE,TRUE,2500,2058,93.1177473832057
"bu0876",TRUE,TRUE,6421,112,99.6254556399024
"bu0877",TRUE,TRUE,3787,737,97.5353643447146
"bu0878",TRUE,TRUE,5448,0,100
"bu0879",TRUE,TRUE,5738,0,100
"bu0880",TRUE,TRUE,1735,765,97.4417282546902
"bu0881",TRUE,TRUE,4071,1118,96.2612446911681
"bu0883",TRUE,TRUE,6240,3,99.9899675617831
"bu0884",TRUE,TRUE,4891,250,99.1639634819249
"bu0885",TRUE,TRUE,5942,338,98.8696786275625
"bu0889",TRUE,TRUE,4821,1032,96.5488412533859
"bu0890",TRUE,TRUE,4128,1137,96.1977059157944
"bu0892",TRUE,TRUE,7075,0,100
"bu0894",TRUE,TRUE,5992,14,99.9531819549878
"bu0895",TRUE,TRUE,130597,278,99.0703273919005
"bu0897",TRUE,TRUE,8548,1890,93.6795639233522
"bu0898",TRUE,TRUE,5659,2427,91.8837574825268
"bu0901",TRUE,TRUE,5312,1767,94.0908938902451
"bu0902",TRUE,TRUE,7514,637,97.8697789519446
"bu0903",TRUE,TRUE,2319,3569,88.0647426679597
"bu0906",TRUE,TRUE,19077,620,97.9266294351737
"bu0907",TRUE,TRUE,18684,843,97.1808848610507
"bu0908",TRUE,TRUE,2417,1598,94.6560545764639
"bu0909",TRUE,TRUE,5630,713,97.6156238504498
"bu0910",TRUE,TRUE,2510,1507,94.9603718690432
"bu0911",TRUE,TRUE,9249,340,98.8629903354178
"bu0913",TRUE,TRUE,4645,3021,89.8973347155804
"bu0914",TRUE,TRUE,8783,1036,96.5354646690967
"bu0915",TRUE,TRUE,4038,2831,90.5327224693175
"bu0916",TRUE,TRUE,15532,894,97.0103334113634
"bu0918",TRUE,TRUE,6680,1574,94.7363140821991
"bu0920",TRUE,TRUE,24974,162,99.4582483362873
"bu0921",TRUE,TRUE,484,5158,82.7508945590743
"bu0923",TRUE,TRUE,9596,215,99.2810085944554
"bu0924",TRUE,FALSE,681,7311,75.5509480654115
"bu0925",TRUE,TRUE,6167,472,98.4215630538742
"bu0926",TRUE,TRUE,3355,3076,89.7134066816039
"bu0928",TRUE,TRUE,2383,2684,91.0243119419456
"bu0929",TRUE,TRUE,9641,962,96.782931478447
"bu0930",TRUE,TRUE,4618,2761,90.7668126943785
"bu0934",TRUE,TRUE,5625,1940,93.5123566197371
"bu0935",TRUE,TRUE,3463,2322,92.2348928201184
"bu0936",TRUE,TRUE,6167,1990,93.3451493161221
"bu0937",TRUE,TRUE,7005,0,100
"bu0939",TRUE,TRUE,5649,370,98.7626659532488
"bu0942",TRUE,TRUE,3448,1058,96.4618934555061
"bu0944",TRUE,TRUE,442,6169,79.3699628799786
"bu0947",TRUE,TRUE,1434,2850,90.4691836939437
"bu0948",TRUE,TRUE,11314,346,98.8429254589841
"bu0949",TRUE,TRUE,1932,3755,87.4427314985119
"bu0951",TRUE,TRUE,5258,0,100
"bu0952",TRUE,TRUE,5054,880,97.0571514563756
"bu0958",TRUE,TRUE,4137,813,97.2812092432197
"bu0959",TRUE,TRUE,2791,2185,92.6930408320235
"bu0961",TRUE,TRUE,9581,1984,93.3652141925559
"bu0962",TRUE,TRUE,1116,4414,85.2389392368659
"bu0963",TRUE,TRUE,2868,3751,87.4561080828011
"bu0964",TRUE,TRUE,10347,1364,95.4385847573822
"bu0965",TRUE,TRUE,8647,0,100
"bu0966",TRUE,TRUE,5006,2778,90.7099622111494
"bu0967",TRUE,TRUE,4784,1123,96.2445239608066
"bu0968",TRUE,TRUE,12315,118,99.6053907634685
"bu0969",TRUE,TRUE,921,5433,81.8312543891917
"bu0970",TRUE,TRUE,4677,2544,91.4924923920677
"bu0974",TRUE,TRUE,2983,2611,91.2684346052236
"bu0975",TRUE,TRUE,639,4761,84.0785205497776
"bu0976",TRUE,TRUE,7607,484,98.3814333010066
"bu0979",TRUE,TRUE,5905,1365,95.4352406113099
"bu0980",TRUE,TRUE,7052,376,98.742601076815
"bu0982",TRUE,TRUE,5044,880,97.0571514563756
"bu0983",TRUE,TRUE,10330,682,97.7192923786911
"bu0984",TRUE,TRUE,3459,3295,88.9810386917701
"bu0988",TRUE,TRUE,839,5629,81.1758017590208
"bu0989",TRUE,TRUE,1899,5400,81.9416112095776
"bu0991",TRUE,TRUE,16119,0,100
"bu0992",TRUE,TRUE,20488,9,99.9699026853493
"bu0993",TRUE,TRUE,2286,1071,96.4184195565662
"bu0994",TRUE,TRUE,267,6617,77.871785439588
"bu0995",TRUE,TRUE,6090,443,98.5185432899709
"bu0996",TRUE,TRUE,6912,310,98.9633147175869
"bu0998",TRUE,TRUE,7443,279,99.0669832458282
"bu0999",TRUE,TRUE,10436,251,99.1606193358526
"bu1000",TRUE,TRUE,7904,0,100
"bu1001",TRUE,TRUE,522,5391,81.9717085242283
"bu1002",TRUE,TRUE,11118,182,99.3913654148413
"bu1003",TRUE,TRUE,1756,2080,93.0441761696151
"bu1004",TRUE,TRUE,353,3904,86.9444537337391
"bu1005",TRUE,TRUE,1345,2187,92.6863525398789
"bu1006",TRUE,TRUE,8178,155,99.4816573587934
"bu1007",TRUE,TRUE,20471,9,99.9699026853493
"bu1008",TRUE,TRUE,12659,191,99.3612681001906
"bu1009",TRUE,TRUE,3735,268,99.1037688526235
"bu1010",TRUE,TRUE,13544,125,99.5819817409624
"bu1011",TRUE,TRUE,6515,334,98.8830552118517
"bu1012",TRUE,TRUE,21087,0,100
"bu1013",TRUE,TRUE,14811,119,99.6020466173963
"bu1014",TRUE,TRUE,24734,0,100
"bu1015",TRUE,TRUE,21660,0,100
"bu1016",TRUE,TRUE,15528,0,100
"bu1017",TRUE,TRUE,17848,0,100
"bu1018",TRUE,TRUE,21194,0,100
"bu1019",TRUE,TRUE,616,3194,89.3187974450724
"bu1020",TRUE,TRUE,9697,289,99.0335417851052
"bu1021",TRUE,TRUE,21331,0,100
"bu1022",TRUE,TRUE,14090,5,99.9832792696385
"bu1023",TRUE,TRUE,7801,0,100
"bu1024",TRUE,TRUE,26157,0,100
"bu1025",TRUE,TRUE,11461,9,99.9699026853493
"bu1026",TRUE,TRUE,20199,0,100
"bu1028",TRUE,TRUE,12122,151,99.4950339430826
"bu1029",TRUE,TRUE,23528,0,100
"bu1030",TRUE,TRUE,6185,281,99.0602949536836
"bu1031",TRUE,TRUE,22480,0,100
"bu1032",TRUE,TRUE,32135,0,100
"bu1033",TRUE,TRUE,6892,291,99.0268534929606
"bu1034",TRUE,TRUE,1598,1774,94.067484867739
"bu1035",TRUE,TRUE,9928,144,99.5184429655887
"bu1037",TRUE,TRUE,187,4773,84.03839079691
"bu1038",TRUE,TRUE,24473,0,100
"bu1039",TRUE,TRUE,101,6731,77.4905527873457
"bu1040",TRUE,TRUE,3468,571,98.0904925927164
"bu1041",TRUE,TRUE,1309,2220,92.575995719493
"bu1042",TRUE,TRUE,17779,9,99.9699026853493
"bu1048",TRUE,TRUE,10700,0,100
"bu1049",TRUE,TRUE,281,3425,88.546299702371
"bu1051",TRUE,TRUE,13407,9,99.9699026853493
"bu1052",TRUE,TRUE,21994,0,100
"bu1053",TRUE,TRUE,2684,1251,95.8164732635522
"bu1054",TRUE,TRUE,6547,398,98.6690298632244
"bu1056",TRUE,TRUE,26335,0,100
"bu1057",TRUE,TRUE,956,2608,91.2784670434405
"bu1058",TRUE,TRUE,691,2471,91.7366150553456
"bu1059",TRUE,TRUE,10772,0,100
"bu1060",TRUE,TRUE,3395,369,98.7660100993211
"bu1065",TRUE,TRUE,11167,292,99.0235093468883
"bu1067",TRUE,TRUE,18799,0,100
"bu1068",TRUE,TRUE,13042,0,100
"bu1069",TRUE,TRUE,624,1988,93.3518376082667
"bu1070",TRUE,TRUE,3437,146,99.5117546734441
"bu1072",TRUE,TRUE,18770,0,100
"bu1073",TRUE,TRUE,13790,0,100
"bu1078",TRUE,TRUE,12601,0,100
"bu1080",TRUE,TRUE,19212,0,100
"bu1081",TRUE,TRUE,12135,0,100
"bu1082",TRUE,TRUE,3730,561,98.1239340534395
"bu1083",TRUE,TRUE,20347,0,100
"bu1084",TRUE,TRUE,1348,1886,93.6929405076414
"bu1086",TRUE,TRUE,27326,256,99.1438986054911
"bu1097",TRUE,TRUE,11214,18,99.9398053706986
"bu1098",TRUE,TRUE,14290,0,100
"bu1099",TRUE,TRUE,13037,0,100
"bu1101",TRUE,TRUE,1810,1216,95.9335183760827
"bu1103",TRUE,TRUE,1489,1657,94.4587499581982
"bu1104",TRUE,TRUE,8562,20,99.933117078554
"bu1105",TRUE,TRUE,20026,0,100
"bu1106",TRUE,TRUE,19455,0,100
"bu1109",TRUE,TRUE,4363,339,98.8663344814902
"bu1110",TRUE,TRUE,951,1329,95.5556298699127
"bu1113",TRUE,TRUE,6544,5,99.9832792696385
"bu1114",TRUE,TRUE,2421,0,100
"bu1116",TRUE,TRUE,1145,1388,95.358325251647
"bu1117",TRUE,TRUE,9599,15,99.9498378089155
"bu1118",TRUE,TRUE,5252,193,99.354579808046
"bu1119",TRUE,TRUE,6732,0,100
"bu1120",TRUE,TRUE,247,3557,88.1048724208273
"bu1121",TRUE,TRUE,4984,114,99.6187673477578
"bu1122",TRUE,TRUE,4724,126,99.5786375948901
"bu1123",TRUE,TRUE,25587,0,100
"bu1124",TRUE,TRUE,5995,0,100
"bu1125",TRUE,TRUE,12667,0,100
"bu1127",TRUE,TRUE,8565,0,100
"bu1130",TRUE,TRUE,24040,0,100
"bu1131",TRUE,TRUE,3026,367,98.7726983914657
"bu1132",TRUE,TRUE,3845,70,99.765909774939
"bu1133",TRUE,TRUE,966,1510,94.9503394308263
"bu1134",TRUE,TRUE,178,6759,77.3969166973213
"bu1135",TRUE,TRUE,9842,0,100
"bu1137",TRUE,TRUE,633,1719,94.2514129017156
"bu1138",TRUE,TRUE,20076,0,100
"bu1139",TRUE,TRUE,18650,0,100
"bu1140",TRUE,TRUE,15665,0,100
"bu1142",TRUE,FALSE,66,8005,73.230110691235
"bu1143",TRUE,TRUE,19961,0,100
"bu1146",TRUE,TRUE,23447,0,100
"bu1147",TRUE,TRUE,15696,0,100
"bu1148",TRUE,TRUE,22143,0,100
"bu1149",TRUE,TRUE,4467,260,99.1305220212019
"bu1151",TRUE,TRUE,426,4787,83.9915727518978
"bu1152",TRUE,TRUE,3850,1,99.9966558539277
"bu1157",TRUE,TRUE,58365,0,100
"bu1158",TRUE,TRUE,38224,0,100
"bu1159",TRUE,TRUE,347,5910,80.2360967127044
"bu1160",TRUE,TRUE,6173,1336,95.5322208474066
"bu1161",TRUE,TRUE,10640,111,99.6287997859746
"bu1162",TRUE,TRUE,33511,0,100
"bu1163",TRUE,TRUE,38477,0,100
"bu1164",TRUE,TRUE,37398,0,100
"bu1165",TRUE,TRUE,956,2213,92.5994047419991
"bu1166",TRUE,TRUE,23942,0,100
"bu1167",TRUE,TRUE,50872,0,100
"bu1168",TRUE,TRUE,16287,7,99.9765909774939
"bu1169",TRUE,TRUE,50003,0,100
"bu1171",TRUE,TRUE,50340,0,100
"bu1172",TRUE,TRUE,1445,2865,90.4190215028593
"bu1173",TRUE,TRUE,5471,585,98.0436745477042
"bu1174",TRUE,TRUE,14057,286,99.0435742233221
"bu1175",TRUE,TRUE,41399,0,100
"bu1176",TRUE,TRUE,3830,1417,95.2613450155503
"bu1177",TRUE,TRUE,4711,919,96.9267297595559
"bu1178",TRUE,TRUE,61335,0,100
"bu1179",TRUE,TRUE,4034,926,96.9033207370498
"bu1180",TRUE,TRUE,418,3552,88.1215931511888
"bu1181",TRUE,TRUE,7615,599,97.996856502692
"bu1182",TRUE,TRUE,30864,0,100
"bu1183",TRUE,TRUE,42420,0,100
"bu1184",TRUE,TRUE,41026,0,100
"bu1186",TRUE,TRUE,26472,0,100
"bu1188",TRUE,TRUE,4839,683,97.7159482326188
"bu1189",TRUE,TRUE,42889,244,99.1840283583587
"bu1191",TRUE,TRUE,2635,1844,93.833394642678
"bu1192",TRUE,TRUE,66714,0,100
"bu1194",TRUE,TRUE,3466,1130,96.2211149383005
"bu1195",TRUE,TRUE,27763,85,99.7157475838545
"bu1197",TRUE,TRUE,191,5098,82.9515433234124
"bu1198",TRUE,TRUE,433,5064,83.0652442898706
"bu1202",TRUE,TRUE,28625,0,100
"bu1203",TRUE,TRUE,4546,738,97.5320201986423
"bu1205",TRUE,TRUE,5207,343,98.852957897201
"bu1208",TRUE,TRUE,30072,0,100
"bu1210",TRUE,TRUE,797,2946,90.1481456710029
"bu1211",TRUE,TRUE,20330,0,100
"bu1212",TRUE,TRUE,521,3002,89.9608734909541
"bu1214",TRUE,TRUE,3700,902,96.983580242785
"bu1216",TRUE,TRUE,442,3053,89.7903220412668
"bu1217",TRUE,TRUE,1200,1840,93.8467712269672
"bu1219",TRUE,TRUE,421,4077,86.3659164632311
"bu1220",TRUE,TRUE,29453,0,100
"bu1221",TRUE,TRUE,15524,35,99.8829548874695
"bu1223",TRUE,TRUE,16914,0,100
"bu1225",TRUE,TRUE,27436,0,100
"bu1226",TRUE,TRUE,10439,20,99.933117078554
"bu1227",TRUE,TRUE,8628,1279,95.7228371735277
"bu1228",TRUE,TRUE,54386,0,100
"bu1230",TRUE,TRUE,13638,9,99.9699026853493
"bu1231",TRUE,TRUE,45015,9,99.9699026853493
"bu1233",TRUE,TRUE,441,5251,82.4398889743504
"bu1234",TRUE,TRUE,22624,404,98.6489649867906
"bu1235",TRUE,TRUE,7114,600,97.9935123566197
"bu1236",TRUE,TRUE,236,6062,79.7277865097147
"bu1240",TRUE,TRUE,5267,1153,96.1441995786376
"bu1243",TRUE,TRUE,1284,4429,85.1887770457814
"bu1245",TRUE,TRUE,31702,85,99.7157475838545
"bu1246",TRUE,TRUE,2290,2709,90.9407082901381
"bu1247",TRUE,TRUE,31783,12,99.9598702471324
"bu1248",TRUE,TRUE,8041,873,97.0805604788817
"bu1249",TRUE,TRUE,117974,0,100
"bu1250",TRUE,TRUE,3973,1157,96.1308229943484
"bu1257",TRUE,TRUE,1448,3307,88.9409089389025
"bu1263",TRUE,TRUE,287,5164,82.7308296826405
"bu1264",TRUE,TRUE,64808,64,99.7859746513728
"bu1265",TRUE,TRUE,4335,2051,93.1411564057118
"bu1267",TRUE,TRUE,26114,292,99.0235093468883
"bu1269",TRUE,TRUE,12102,1254,95.8064408253352
"bu1271",TRUE,TRUE,92370,0,100
"bu1274",TRUE,TRUE,26471,1452,95.1442999030198
"bu1275",TRUE,TRUE,20207,461,98.4583486606695
"bu1277",TRUE,TRUE,1847,3365,88.746948466709
